Id,Name,Phone,BillingStreet,BillingCity,BillingState,BillingPostalCode,Service_Region__c,OwnerId,CreatedDate,LastModifiedDate,RecordState,MasterRecordId
001gK00001Luv7AQAR,Amelia Martin,(02) 5653 2767,188 Beach Road,Wollongong,New South Wales,2500,Wollongong,005gK00006sTIwDQAW,2026-08-17T07:54:04.000+0000,2026-08-23T20:44:13.000+0000,ABSORBED,001gK00001Luv6WQAR
001gK00001Luv7oQAB,Amelia Martin,(02) 6813 4007,188 Beach Road,Wollongong,New South Wales,2500,Wollongong,005gK00006sTIwDQAW,2026-08-17T07:54:04.000+0000,2026-08-23T20:46:00.000+0000,ABSORBED,001gK00001Luv6WQAR
001gK00001Luv8SQAR,Amelia Martin,(02) 4493 1527,188 Beach Road,Wollongong,New South Wales,2500,Wollongong,005gK00006sTIwDQAW,2026-08-17T07:54:04.000+0000,2026-08-23T20:46:00.000+0000,ABSORBED,001gK00001Luv6WQAR
001gK00001Luv6WQAR,Amelia Martin,(02) 4493 1527,188 Beach Road,Wollongong,New South Wales,2500,Wollongong,005gK00006sTIwDQAW,2026-08-17T07:54:00.000+0000,2026-08-23T20:46:53.000+0000,SURVIVOR,
001gK00001Luv46QAB,Amelia Martin Residence,(02) 4493 1527,188 Beach Rd,Wollongong,New South Wales,2500,Wollongong,005gK00006sTIwDQAW,2026-08-17T07:54:00.000+0000,2026-08-23T20:44:13.000+0000,ABSORBED,001gK00001Luv6WQAR
001gK00001Luv4kQAB,Amelia Martin Residence,(02) 5653 2767,188 Beach Rd,Wollongong,New South Wales,2500,Wollongong,005gK00006sTIwDQAW,2026-08-17T07:54:00.000+0000,2026-08-23T20:46:35.000+0000,ABSORBED,001gK00001Luv6WQAR
001gK00001Luv5OQAR,Amelia Martin Residence,(02) 6813 4007,188 Beach Rd,Wollongong,New South Wales,2500,Wollongong,005gK00006sTIwDQAW,2026-08-17T07:54:00.000+0000,2026-08-23T20:46:35.000+0000,ABSORBED,001gK00001Luv6WQAR
001gK00001Luv62QAB,Amelia Martin Residence,(02) 7973 5247,188 Beach Rd,Wollongong,New South Wales,2500,Wollongong,005gK00006sTIwDQAW,2026-08-17T07:54:00.000+0000,2026-08-23T20:46:52.000+0000,ABSORBED,001gK00001Luv6WQAR
001gK00001Luv4dQAB,Andrew Anderson Residence,(02) 5450 2550,111 Sunset Rd,Penrith,New South Wales,2750,Sydney,005gK00006sTIwDQAW,2026-08-17T07:54:00.000+0000,2026-08-24T15:30:41.000+0000,ABSORBED,001gK00001Luv3zQAB
001gK00001Luv5HQAR,Andrew Anderson Residence,(02) 6610 3790,111 Sunset Rd,Chatswood,New South Wales,2067,Sydney,005gK00006sTIwDQAW,2026-08-17T07:54:00.000+0000,2026-08-24T15:30:41.000+0000,ABSORBED,001gK00001Luv3zQAB
001gK00001Luv5vQAB,Andrew Anderson Residence,(02) 7770 5030,111 Sunset Rd,Campbelltown,New South Wales,2560,Sydney,005gK00006sTIwDQAW,2026-08-17T07:54:00.000+0000,2026-08-24T15:30:41.000+0000,ABSORBED,001gK00001Luv3zQAB
001gK00001Luv3zQAB,Andrew Anderson Residence,(02) 4290 1310,111 Sunset Rd,Campbelltown,New South Wales,2560,Sydney,005gK00006sTIwDQAW,2026-08-17T07:54:00.000+0000,2026-08-24T15:30:41.000+0000,SURVIVOR,
001gK00001Luv6PQAR,Andrew J. Anderson Residence,0410079190,111 Sunset Rd,Campbelltown,New South Wales,2560,Sydney,005gK00006sTIwDQAW,2026-08-17T07:54:04.000+0000,2026-08-24T15:37:00.000+0000,ABSORBED,001gK00001Luv8LQAR
001gK00001Luv73QAB,Andrew J. Anderson Residence,0410395950,111 Sunset Rd,Penrith,New South Wales,2750,Sydney,005gK00006sTIwDQAW,2026-08-17T07:54:04.000+0000,2026-08-24T15:36:59.000+0000,ABSORBED,001gK00001Luv8LQAR
001gK00001Luv7hQAB,Andrew J. Anderson Residence,0410712710,111 Sunset Rd,Chatswood,New South Wales,2067,Sydney,005gK00006sTIwDQAW,2026-08-17T07:54:04.000+0000,2026-08-24T15:36:59.000+0000,ABSORBED,001gK00001Luv8LQAR
001gK00001Luv8LQAR,Andrew J. Anderson Residence,0411029470,111 Sunset Rd,Campbelltown,New South Wales,2560,Sydney,005gK00006sTIwDQAW,2026-08-17T07:54:04.000+0000,2026-08-24T15:37:00.000+0000,SURVIVOR,
001gK00001Luv7EQAR,Ava Mancini,(02) 5769 2891,12 Railway Pde,Hornsby,New South Wales,2077,Sydney,005gK00006sTIwDQAW,2026-08-17T07:54:04.000+0000,2026-08-23T21:32:59.000+0000,ABSORBED,001gK00001Luv6aQAB
001gK00001Luv7sQAB,Ava Mancini,(02) 6929 4131,12 Railway Pde,Hurstville,New South Wales,2220,Sydney,005gK00006sTIwDQAW,2026-08-17T07:54:04.000+0000,2026-08-23T21:32:59.000+0000,ABSORBED,001gK00001Luv6aQAB
001gK00001Luv8WQAR,Ava Mancini,(02) 4609 1651,12 Railway Pde,Liverpool,New South Wales,2170,Sydney,005gK00006sTIwDQAW,2026-08-17T07:54:04.000+0000,2026-08-23T21:31:08.000+0000,ABSORBED,001gK00001Luv6aQAB
001gK00001Luv6aQAB,Ava Mancini,(02) 4609 1651,12 Railway Pde,Liverpool,New South Wales,2170,Sydney,005gK00006sTIwDQAW,2026-08-17T07:54:00.000+0000,2026-08-23T21:34:12.000+0000,SURVIVOR,
001gK00001Luv4AQAR,Ava Mancini Residence,(02) 4609 1651,12 Railway Pde,Liverpool,New South Wales,2170,Sydney,005gK00006sTIwDQAW,2026-08-17T07:54:00.000+0000,2026-08-23T21:31:32.000+0000,ABSORBED,001gK00001Luv6aQAB
001gK00001Luv4oQAB,Ava Mancini Residence,(02) 5769 2891,12 Railway Pde,Hornsby,New South Wales,2077,Sydney,005gK00006sTIwDQAW,2026-08-17T07:54:00.000+0000,2026-08-23T21:34:12.000+0000,ABSORBED,001gK00001Luv6aQAB
001gK00001Luv5SQAR,Ava Mancini Residence,(02) 6929 4131,12 Railway Pde,Hurstville,New South Wales,2220,Sydney,005gK00006sTIwDQAW,2026-08-17T07:54:00.000+0000,2026-08-23T21:34:12.000+0000,ABSORBED,001gK00001Luv6aQAB
001gK00001Luv66QAB,Ava Mancini Residence,(02) 8089 5371,12 Railway Pde,Liverpool,New South Wales,2170,Sydney,005gK00006sTIwDQAW,2026-08-17T07:54:00.000+0000,2026-08-23T21:31:32.000+0000,ABSORBED,001gK00001Luv6aQAB
001gK00001Luv4bQAB,Benjamin Walker Residence,(02) 5392 2488,89 Mill Lane,Parramatta,New South Wales,2150,Sydney,005gK00006sTIwDQAW,2026-08-17T07:54:00.000+0000,2026-08-24T15:30:39.000+0000,ABSORBED,001gK00001Luv3xQAB
001gK00001Luv5FQAR,Benjamin Walker Residence,(02) 6552 3728,89 Mill Lane,Castle Hill,New South Wales,2154,Sydney,005gK00006sTIwDQAW,2026-08-17T07:54:00.000+0000,2026-08-24T15:30:39.000+0000,ABSORBED,001gK00001Luv3xQAB
001gK00001Luv5tQAB,Benjamin Walker Residence,(02) 7712 4968,89 Mill Lane,Ryde,New South Wales,2112,Sydney,005gK00006sTIwDQAW,2026-08-17T07:54:00.000+0000,2026-08-23T21:47:18.000+0000,ABSORBED,001gK00001Luv3xQAB
001gK00001Luv6NQAR,Benjamin Walker Residence,0242321248,89 Mill Lane,Ryde,New South Wales,2112,Sydney,005gK00006sTIwDQAW,2026-08-17T07:54:04.000+0000,2026-08-23T21:45:38.000+0000,ABSORBED,001gK00001Luv3xQAB
001gK00001Luv71QAB,Benjamin Walker Residence,0253922488,89 Mill Lane,Parramatta,New South Wales,2150,Sydney,005gK00006sTIwDQAW,2026-08-17T07:54:04.000+0000,2026-08-24T15:30:40.000+0000,ABSORBED,001gK00001Luv3xQAB
001gK00001Luv7fQAB,Benjamin Walker Residence,0265523728,89 Mill Lane,Castle Hill,New South Wales,2154,Sydney,005gK00006sTIwDQAW,2026-08-17T07:54:04.000+0000,2026-08-24T15:30:40.000+0000,ABSORBED,001gK00001Luv3xQAB
001gK00001Luv8JQAR,Benjamin Walker Residence,0242321248,89 Mill Lane,Ryde,New South Wales,2112,Sydney,005gK00006sTIwDQAW,2026-08-17T07:54:04.000+0000,2026-08-23T21:45:38.000+0000,ABSORBED,001gK00001Luv3xQAB
001gK00001Luv3xQAB,Benjamin Walker Residence,(02) 4232 1248,89 Mill Lane,Ryde,New South Wales,2112,Sydney,005gK00006sTIwDQAW,2026-08-17T07:54:00.000+0000,2026-08-24T15:30:40.000+0000,SURVIVOR,
001gK00001Luv6gQAB,CHARLOTTE KING RESIDENCE,,78 BEACH RD,Baulkham Hills,New South Wales,2153,Sydney,005gK00006sTIwDQAW,2026-08-17T07:54:04.000+0000,2026-08-24T06:36:24.000+0000,ABSORBED,001gK00001Luv4GQAR
001gK00001Luv7KQAR,CHARLOTTE KING RESIDENCE,,78 BEACH RD,Blacktown,New South Wales,2148,Sydney,005gK00006sTIwDQAW,2026-08-17T07:54:04.000+0000,2026-08-24T15:30:58.000+0000,ABSORBED,001gK00001Luv4GQAR
001gK00001Luv7yQAB,CHARLOTTE KING RESIDENCE,,78 BEACH RD,Bankstown,New South Wales,2200,Sydney,005gK00006sTIwDQAW,2026-08-17T07:54:04.000+0000,2026-08-24T15:30:58.000+0000,ABSORBED,001gK00001Luv4GQAR
001gK00001Luv8cQAB,CHARLOTTE KING RESIDENCE,,78 BEACH RD,Baulkham Hills,New South Wales,2153,Sydney,005gK00006sTIwDQAW,2026-08-17T07:54:04.000+0000,2026-08-24T06:36:24.000+0000,ABSORBED,001gK00001Luv4GQAR
001gK00001Luv4uQAB,Charlotte King Residence,(02) 5943 3077,78 Beach Rd,Blacktown,New South Wales,2148,Sydney,005gK00006sTIwDQAW,2026-08-17T07:54:00.000+0000,2026-08-24T15:30:58.000+0000,ABSORBED,001gK00001Luv4GQAR
001gK00001Luv5YQAR,Charlotte King Residence,(02) 7103 4317,78 Beach Rd,Bankstown,New South Wales,2200,Sydney,005gK00006sTIwDQAW,2026-08-17T07:54:00.000+0000,2026-08-24T15:30:58.000+0000,ABSORBED,001gK00001Luv4GQAR
001gK00001Luv6CQAR,Charlotte King Residence,(02) 8263 5557,78 Beach Rd,Baulkham Hills,New South Wales,2153,Sydney,005gK00006sTIwDQAW,2026-08-17T07:54:00.000+0000,2026-08-24T06:36:01.000+0000,ABSORBED,001gK00001Luv4GQAR
001gK00001Luv4GQAR,Charlotte King Residence,(02) 4783 1837,78 Beach Rd,Baulkham Hills,New South Wales,2153,Sydney,005gK00006sTIwDQAW,2026-08-17T07:54:00.000+0000,2026-08-24T15:30:58.000+0000,SURVIVOR,
001gK00001Luv76QAB,Chloe Robinson,(02) 5537 2643,144 Mill Lane,Cessnock,New South Wales,2325,Newcastle,005gK00006sTIwDQAW,2026-08-17T07:54:04.000+0000,2026-08-24T06:38:20.000+0000,ABSORBED,001gK00001Luv6SQAR
001gK00001Luv7kQAB,Chloe Robinson,(02) 6697 3883,144 Mill Lane,Cessnock,New South Wales,2325,Newcastle,005gK00006sTIwDQAW,2026-08-17T07:54:04.000+0000,2026-08-24T06:38:20.000+0000,ABSORBED,001gK00001Luv6SQAR
001gK00001Luv8OQAR,Chloe Robinson,(02) 4377 1403,144 Mill Lane,Cessnock,New South Wales,2325,Newcastle,005gK00006sTIwDQAW,2026-08-17T07:54:04.000+0000,2026-08-24T06:38:47.000+0000,ABSORBED,001gK00001Luv6SQAR
001gK00001Luv6SQAR,Chloe Robinson,(02) 4377 1403,144 Mill Lane,Cessnock,New South Wales,2325,Newcastle,005gK00006sTIwDQAW,2026-08-17T07:54:00.000+0000,2026-08-24T06:39:23.000+0000,SURVIVOR,
001gK00001Luv42QAB,Chloe Robinson Residence,(02) 4377 1403,144 Mill Lane,Cessnock,New South Wales,2325,Newcastle,005gK00006sTIwDQAW,2026-08-17T07:54:00.000+0000,2026-08-24T06:38:47.000+0000,ABSORBED,001gK00001Luv6SQAR
001gK00001Luv4gQAB,Chloe Robinson Residence,(02) 5537 2643,144 Mill Lane,Cessnock,New South Wales,2325,Newcastle,005gK00006sTIwDQAW,2026-08-17T07:54:00.000+0000,2026-08-24T06:39:08.000+0000,ABSORBED,001gK00001Luv6SQAR
001gK00001Luv5KQAR,Chloe Robinson Residence,(02) 6697 3883,144 Mill Lane,Cessnock,New South Wales,2325,Newcastle,005gK00006sTIwDQAW,2026-08-17T07:54:00.000+0000,2026-08-24T06:39:08.000+0000,ABSORBED,001gK00001Luv6SQAR
001gK00001Luv5yQAB,Chloe Robinson Residence,(02) 7857 5123,144 Mill Lane,Cessnock,New South Wales,2325,Newcastle,005gK00006sTIwDQAW,2026-08-17T07:54:00.000+0000,2026-08-24T06:39:22.000+0000,ABSORBED,001gK00001Luv6SQAR
001gK00001Luv4pQAB,Daniel Clark Residence,(02) 5798 2922,23 Beach Rd,Penrith,New South Wales,2750,Sydney,005gK00006sTIwDQAW,2026-08-17T07:54:00.000+0000,2026-08-24T15:30:50.000+0000,ABSORBED,001gK00001Luv4BQAR
001gK00001Luv5TQAR,Daniel Clark Residence,(02) 6958 4162,23 Beach Rd,Chatswood,New South Wales,2067,Sydney,005gK00006sTIwDQAW,2026-08-17T07:54:00.000+0000,2026-08-24T15:30:50.000+0000,ABSORBED,001gK00001Luv4BQAR
001gK00001Luv67QAB,Daniel Clark Residence,(02) 8118 5402,23 Beach Rd,Campbelltown,New South Wales,2560,Sydney,005gK00006sTIwDQAW,2026-08-17T07:54:00.000+0000,2026-08-24T06:41:21.000+0000,ABSORBED,001gK00001Luv4BQAR
001gK00001Luv4BQAR,Daniel Clark Residence,(02) 4638 1682,23 Beach Rd,Campbelltown,New South Wales,2560,Sydney,005gK00006sTIwDQAW,2026-08-17T07:54:00.000+0000,2026-08-24T15:30:50.000+0000,SURVIVOR,
001gK00001Luv6bQAB,Daniel J. Clark Residence,0410174218,23 Beach Rd,Campbelltown,New South Wales,2560,Sydney,005gK00006sTIwDQAW,2026-08-17T07:54:04.000+0000,2026-08-24T15:37:00.000+0000,ABSORBED,001gK00001Luv8XQAR
001gK00001Luv7FQAR,Daniel J. Clark Residence,0410490978,23 Beach Rd,Penrith,New South Wales,2750,Sydney,005gK00006sTIwDQAW,2026-08-17T07:54:04.000+0000,2026-08-24T15:37:00.000+0000,ABSORBED,001gK00001Luv8XQAR
001gK00001Luv7tQAB,Daniel J. Clark Residence,0410807738,23 Beach Rd,Chatswood,New South Wales,2067,Sydney,005gK00006sTIwDQAW,2026-08-17T07:54:04.000+0000,2026-08-24T15:37:01.000+0000,ABSORBED,001gK00001Luv8XQAR
001gK00001Luv8XQAR,Daniel J. Clark Residence,0411124498,23 Beach Rd,Campbelltown,New South Wales,2560,Sydney,005gK00006sTIwDQAW,2026-08-17T07:54:04.000+0000,2026-08-24T15:37:01.000+0000,SURVIVOR,
001gK00001Luv4vQAB,David Doyle Residence,(02) 5972 3108,89 Mill Lane,Ryde,New South Wales,2112,Sydney,005gK00006sTIwDQAW,2026-08-17T07:54:00.000+0000,2026-08-24T15:30:58.000+0000,ABSORBED,001gK00001Luv4HQAR
001gK00001Luv5ZQAR,David Doyle Residence,(02) 7132 4348,89 Mill Lane,Parramatta,New South Wales,2150,Sydney,005gK00006sTIwDQAW,2026-08-17T07:54:00.000+0000,2026-08-24T06:47:27.000+0000,ABSORBED,001gK00001Luv4HQAR
001gK00001Luv6DQAR,David Doyle Residence,(02) 8292 5588,89 Mill Lane,Castle Hill,New South Wales,2154,Sydney,005gK00006sTIwDQAW,2026-08-17T07:54:00.000+0000,2026-08-24T06:45:47.000+0000,ABSORBED,001gK00001Luv4HQAR
001gK00001Luv6hQAB,David Doyle Residence,0248121868,89 Mill Lane,Castle Hill,New South Wales,2154,Sydney,005gK00006sTIwDQAW,2026-08-17T07:54:04.000+0000,2026-08-24T06:45:47.000+0000,ABSORBED,001gK00001Luv4HQAR
001gK00001Luv7LQAR,David Doyle Residence,0259723108,89 Mill Lane,Ryde,New South Wales,2112,Sydney,005gK00006sTIwDQAW,2026-08-17T07:54:04.000+0000,2026-08-24T15:30:58.000+0000,ABSORBED,001gK00001Luv4HQAR
001gK00001Luv7zQAB,David Doyle Residence,0271324348,89 Mill Lane,Parramatta,New South Wales,2150,Sydney,005gK00006sTIwDQAW,2026-08-17T07:54:04.000+0000,2026-08-24T06:47:27.000+0000,ABSORBED,001gK00001Luv4HQAR
001gK00001Luv8dQAB,David Doyle Residence,0248121868,89 Mill Lane,Castle Hill,New South Wales,2154,Sydney,005gK00006sTIwDQAW,2026-08-17T07:54:04.000+0000,2026-08-24T06:46:33.000+0000,ABSORBED,001gK00001Luv4HQAR
001gK00001Luv4HQAR,David Doyle Residence,(02) 4812 1868,89 Mill Lane,Castle Hill,New South Wales,2154,Sydney,005gK00006sTIwDQAW,2026-08-17T07:54:00.000+0000,2026-08-24T15:30:59.000+0000,SURVIVOR,
001gK00001Luv6cQAB,ELLA AHMED RESIDENCE,,34 MILL LANE,Bankstown,New South Wales,2200,Sydney,005gK00006sTIwDQAW,2026-08-17T07:54:04.000+0000,2026-08-24T15:30:50.000+0000,ABSORBED,001gK00001Luv4CQAR
001gK00001Luv7GQAR,ELLA AHMED RESIDENCE,,34 MILL LANE,Baulkham Hills,New South Wales,2153,Sydney,005gK00006sTIwDQAW,2026-08-17T07:54:04.000+0000,2026-08-24T15:30:51.000+0000,ABSORBED,001gK00001Luv4CQAR
001gK00001Luv7uQAB,ELLA AHMED RESIDENCE,,34 MILL LANE,Blacktown,New South Wales,2148,Sydney,005gK00006sTIwDQAW,2026-08-17T07:54:04.000+0000,2026-08-24T15:30:51.000+0000,ABSORBED,001gK00001Luv4CQAR
001gK00001Luv8YQAR,ELLA AHMED RESIDENCE,,34 MILL LANE,Bankstown,New South Wales,2200,Sydney,005gK00006sTIwDQAW,2026-08-17T07:54:04.000+0000,2026-08-24T15:30:51.000+0000,ABSORBED,001gK00001Luv4CQAR
001gK00001Luv6kQAB,EMMA JONES RESIDENCE,,122 RAILWAY PDE,Charlestown,New South Wales,2290,Newcastle,005gK00006sTIwDQAW,2026-08-17T07:54:04.000+0000,2026-08-24T15:31:01.000+0000,ABSORBED,001gK00001Luv4KQAR
001gK00001Luv7OQAR,EMMA JONES RESIDENCE,,122 RAILWAY PDE,Charlestown,New South Wales,2290,Newcastle,005gK00006sTIwDQAW,2026-08-17T07:54:04.000+0000,2026-08-24T15:31:01.000+0000,ABSORBED,001gK00001Luv4KQAR
001gK00001Luv82QAB,EMMA JONES RESIDENCE,,122 RAILWAY PDE,Charlestown,New South Wales,2290,Newcastle,005gK00006sTIwDQAW,2026-08-17T07:54:04.000+0000,2026-08-24T15:31:02.000+0000,ABSORBED,001gK00001Luv4KQAR
001gK00001Luv4qQAB,Ella Ahmed Residence,(02) 5827 2953,34 Mill Lane,Baulkham Hills,New South Wales,2153,Sydney,005gK00006sTIwDQAW,2026-08-17T07:54:00.000+0000,2026-08-24T15:30:50.000+0000,ABSORBED,001gK00001Luv4CQAR
001gK00001Luv5UQAR,Ella Ahmed Residence,(02) 6987 4193,34 Mill Lane,Blacktown,New South Wales,2148,Sydney,005gK00006sTIwDQAW,2026-08-17T07:54:00.000+0000,2026-08-24T15:30:50.000+0000,ABSORBED,001gK00001Luv4CQAR
001gK00001Luv68QAB,Ella Ahmed Residence,(02) 8147 5433,34 Mill Lane,Bankstown,New South Wales,2200,Sydney,005gK00006sTIwDQAW,2026-08-17T07:54:00.000+0000,2026-08-24T15:30:50.000+0000,ABSORBED,001gK00001Luv4CQAR
001gK00001Luv4CQAR,Ella Ahmed Residence,(02) 4667 1713,34 Mill Lane,Bankstown,New South Wales,2200,Sydney,005gK00006sTIwDQAW,2026-08-17T07:54:00.000+0000,2026-08-24T15:30:51.000+0000,SURVIVOR,
001gK00001Luv4yQAB,Emma Jones Residence,(02) 6059 3201,122 Railway Pde,Charlestown,New South Wales,2290,Newcastle,005gK00006sTIwDQAW,2026-08-17T07:54:00.000+0000,2026-08-24T15:31:01.000+0000,ABSORBED,001gK00001Luv4KQAR
001gK00001Luv5cQAB,Emma Jones Residence,(02) 7219 4441,122 Railway Pde,Charlestown,New South Wales,2290,Newcastle,005gK00006sTIwDQAW,2026-08-17T07:54:00.000+0000,2026-08-24T15:31:01.000+0000,ABSORBED,001gK00001Luv4KQAR
001gK00001Luv4KQAR,Emma Jones Residence,(02) 4899 1961,122 Railway Pde,Charlestown,New South Wales,2290,Newcastle,005gK00006sTIwDQAW,2026-08-17T07:54:00.000+0000,2026-08-24T15:31:02.000+0000,SURVIVOR,
001gK00001Luv4DQAR,Ethan Lee Residence,(02) 4696 1744,45 Kurrajong Dr,Parramatta,New South Wales,2150,Sydney,005gK00006sTIwDQAW,2026-08-17T07:54:00.000+0000,2026-08-24T15:30:51.000+0000,ABSORBED,001gK00001Luv4rQAB
001gK00001Luv5VQAR,Ethan Lee Residence,(02) 7016 4224,45 Kurrajong Dr,Ryde,New South Wales,2112,Sydney,005gK00006sTIwDQAW,2026-08-17T07:54:00.000+0000,2026-08-24T15:30:51.000+0000,ABSORBED,001gK00001Luv4rQAB
001gK00001Luv69QAB,Ethan Lee Residence,(02) 8176 5464,45 Kurrajong Dr,Parramatta,New South Wales,2150,Sydney,005gK00006sTIwDQAW,2026-08-17T07:54:00.000+0000,2026-08-24T15:30:51.000+0000,ABSORBED,001gK00001Luv4rQAB
001gK00001Luv6dQAB,Ethan Lee Residence,0246961744,45 Kurrajong Dr,Parramatta,New South Wales,2150,Sydney,005gK00006sTIwDQAW,2026-08-17T07:54:04.000+0000,2026-08-24T15:30:51.000+0000,ABSORBED,001gK00001Luv4rQAB
001gK00001Luv7HQAR,Ethan Lee Residence,0258562984,45 Kurrajong Dr,Castle Hill,New South Wales,2154,Sydney,005gK00006sTIwDQAW,2026-08-17T07:54:04.000+0000,2026-08-24T15:30:52.000+0000,ABSORBED,001gK00001Luv4rQAB
001gK00001Luv7vQAB,Ethan Lee Residence,0270164224,45 Kurrajong Dr,Ryde,New South Wales,2112,Sydney,005gK00006sTIwDQAW,2026-08-17T07:54:04.000+0000,2026-08-24T15:30:52.000+0000,ABSORBED,001gK00001Luv4rQAB
001gK00001Luv8ZQAR,Ethan Lee Residence,0246961744,45 Kurrajong Dr,Parramatta,New South Wales,2150,Sydney,005gK00006sTIwDQAW,2026-08-17T07:54:04.000+0000,2026-08-24T15:30:52.000+0000,ABSORBED,001gK00001Luv4rQAB
001gK00001Luv4rQAB,Ethan Lee Residence,(02) 5856 2984,45 Kurrajong Dr,Castle Hill,New South Wales,2154,Sydney,005gK00006sTIwDQAW,2026-08-17T07:54:00.000+0000,2026-08-24T15:30:52.000+0000,SURVIVOR,
001gK00001Luv6oQAB,GRACE WHITFIELD RESIDENCE,,166 SUNSET RD,Warners Bay,New South Wales,2282,Newcastle,005gK00006sTIwDQAW,2026-08-17T07:54:04.000+0000,2026-08-24T15:31:05.000+0000,ABSORBED,001gK00001Luv4OQAR
001gK00001Luv7SQAR,GRACE WHITFIELD RESIDENCE,,166 SUNSET RD,Warners Bay,New South Wales,2282,Newcastle,005gK00006sTIwDQAW,2026-08-17T07:54:04.000+0000,2026-08-24T15:31:05.000+0000,ABSORBED,001gK00001Luv4OQAR
001gK00001Luv86QAB,GRACE WHITFIELD RESIDENCE,,166 SUNSET RD,Warners Bay,New South Wales,2282,Newcastle,005gK00006sTIwDQAW,2026-08-17T07:54:04.000+0000,2026-08-24T15:31:05.000+0000,ABSORBED,001gK00001Luv4OQAR
001gK00001Luv52QAB,Grace Whitfield Residence,(02) 6175 3325,166 Sunset Rd,Warners Bay,New South Wales,2282,Newcastle,005gK00006sTIwDQAW,2026-08-17T07:54:00.000+0000,2026-08-24T15:31:04.000+0000,ABSORBED,001gK00001Luv4OQAR
001gK00001Luv5gQAB,Grace Whitfield Residence,(02) 7335 4565,166 Sunset Rd,Warners Bay,New South Wales,2282,Newcastle,005gK00006sTIwDQAW,2026-08-17T07:54:00.000+0000,2026-08-24T15:31:04.000+0000,ABSORBED,001gK00001Luv4OQAR
001gK00001Luv4OQAR,Grace Whitfield Residence,(02) 5015 2085,166 Sunset Rd,Warners Bay,New South Wales,2282,Newcastle,005gK00006sTIwDQAW,2026-08-17T07:54:00.000+0000,2026-08-24T15:31:05.000+0000,SURVIVOR,
001gK00001Luv6IQAR,HARPER THOMPSON RESIDENCE,,34 MILL LANE,Baulkham Hills,New South Wales,2153,Sydney,005gK00006sTIwDQAW,2026-08-17T07:54:04.000+0000,2026-08-24T15:31:13.000+0000,ABSORBED,001gK00001Luv4WQAR
001gK00001Luv6wQAB,HARPER THOMPSON RESIDENCE,,34 MILL LANE,Blacktown,New South Wales,2148,Sydney,005gK00006sTIwDQAW,2026-08-17T07:54:04.000+0000,2026-08-24T15:31:13.000+0000,ABSORBED,001gK00001Luv4WQAR
001gK00001Luv7aQAB,HARPER THOMPSON RESIDENCE,,34 MILL LANE,Bankstown,New South Wales,2200,Sydney,005gK00006sTIwDQAW,2026-08-17T07:54:04.000+0000,2026-08-24T15:31:13.000+0000,ABSORBED,001gK00001Luv4WQAR
001gK00001Luv8EQAR,HARPER THOMPSON RESIDENCE,,34 MILL LANE,Baulkham Hills,New South Wales,2153,Sydney,005gK00006sTIwDQAW,2026-08-17T07:54:04.000+0000,2026-08-24T15:31:14.000+0000,ABSORBED,001gK00001Luv4WQAR
001gK00001Luv6mQAB,Hannah Smith,(02) 4957 2023,144 Mill Lane,Singleton,New South Wales,2330,Newcastle,005gK00006sTIwDQAW,2026-08-17T07:54:04.000+0000,2026-08-24T15:31:03.000+0000,ABSORBED,001gK00001Luv4MQAR
001gK00001Luv7QQAR,Hannah Smith,(02) 6117 3263,144 Mill Lane,Singleton,New South Wales,2330,Newcastle,005gK00006sTIwDQAW,2026-08-17T07:54:04.000+0000,2026-08-24T15:31:03.000+0000,ABSORBED,001gK00001Luv4MQAR
001gK00001Luv84QAB,Hannah Smith,(02) 7277 4503,144 Mill Lane,Singleton,New South Wales,2330,Newcastle,005gK00006sTIwDQAW,2026-08-17T07:54:04.000+0000,2026-08-24T15:31:04.000+0000,ABSORBED,001gK00001Luv4MQAR
001gK00001Luv50QAB,Hannah Smith Residence,(02) 6117 3263,144 Mill Lane,Singleton,New South Wales,2330,Newcastle,005gK00006sTIwDQAW,2026-08-17T07:54:00.000+0000,2026-08-24T15:31:03.000+0000,ABSORBED,001gK00001Luv4MQAR
001gK00001Luv5eQAB,Hannah Smith Residence,(02) 7277 4503,144 Mill Lane,Singleton,New South Wales,2330,Newcastle,005gK00006sTIwDQAW,2026-08-17T07:54:00.000+0000,2026-08-24T15:31:03.000+0000,ABSORBED,001gK00001Luv4MQAR
001gK00001Luv4MQAR,Hannah Smith Residence,(02) 4957 2023,144 Mill Lane,Singleton,New South Wales,2330,Newcastle,005gK00006sTIwDQAW,2026-08-17T07:54:00.000+0000,2026-08-24T15:31:04.000+0000,SURVIVOR,
001gK00001Luv3sQAB,Harper Thompson Residence,(02) 4087 1093,34 Mill Lane,Baulkham Hills,New South Wales,2153,Sydney,005gK00006sTIwDQAW,2026-08-17T07:54:00.000+0000,2026-08-24T15:31:13.000+0000,ABSORBED,001gK00001Luv4WQAR
001gK00001Luv5AQAR,Harper Thompson Residence,(02) 6407 3573,34 Mill Lane,Bankstown,New South Wales,2200,Sydney,005gK00006sTIwDQAW,2026-08-17T07:54:00.000+0000,2026-08-24T15:31:13.000+0000,ABSORBED,001gK00001Luv4WQAR
001gK00001Luv5oQAB,Harper Thompson Residence,(02) 7567 4813,34 Mill Lane,Baulkham Hills,New South Wales,2153,Sydney,005gK00006sTIwDQAW,2026-08-17T07:54:00.000+0000,2026-08-24T15:31:13.000+0000,ABSORBED,001gK00001Luv4WQAR
001gK00001Luv4WQAR,Harper Thompson Residence,(02) 5247 2333,34 Mill Lane,Blacktown,New South Wales,2148,Sydney,005gK00006sTIwDQAW,2026-08-17T07:54:00.000+0000,2026-08-24T15:31:14.000+0000,SURVIVOR,
001gK00001Luv6GQAR,Isabella Hall,(02) 4029 1031,12 Railway Pde,Hornsby,New South Wales,2077,Sydney,005gK00006sTIwDQAW,2026-08-17T07:54:04.000+0000,2026-08-24T15:31:10.000+0000,ABSORBED,001gK00001Luv4UQAR
001gK00001Luv6uQAB,Isabella Hall,(02) 5189 2271,12 Railway Pde,Hurstville,New South Wales,2220,Sydney,005gK00006sTIwDQAW,2026-08-17T07:54:04.000+0000,2026-08-24T15:31:11.000+0000,ABSORBED,001gK00001Luv4UQAR
001gK00001Luv7YQAR,Isabella Hall,(02) 6349 3511,12 Railway Pde,Liverpool,New South Wales,2170,Sydney,005gK00006sTIwDQAW,2026-08-17T07:54:04.000+0000,2026-08-24T15:31:11.000+0000,ABSORBED,001gK00001Luv4UQAR
001gK00001Luv8CQAR,Isabella Hall,(02) 4029 1031,12 Railway Pde,Hornsby,New South Wales,2077,Sydney,005gK00006sTIwDQAW,2026-08-17T07:54:04.000+0000,2026-08-24T15:31:11.000+0000,ABSORBED,001gK00001Luv4UQAR
001gK00001Luv3qQAB,Isabella Hall Residence,(02) 4029 1031,12 Railway Pde,Hornsby,New South Wales,2077,Sydney,005gK00006sTIwDQAW,2026-08-17T07:54:00.000+0000,2026-08-24T15:31:10.000+0000,ABSORBED,001gK00001Luv4UQAR
001gK00001Luv58QAB,Isabella Hall Residence,(02) 6349 3511,12 Railway Pde,Liverpool,New South Wales,2170,Sydney,005gK00006sTIwDQAW,2026-08-17T07:54:00.000+0000,2026-08-24T15:31:10.000+0000,ABSORBED,001gK00001Luv4UQAR
001gK00001Luv5mQAB,Isabella Hall Residence,(02) 7509 4751,12 Railway Pde,Hornsby,New South Wales,2077,Sydney,005gK00006sTIwDQAW,2026-08-17T07:54:00.000+0000,2026-08-24T15:31:10.000+0000,ABSORBED,001gK00001Luv4UQAR
001gK00001Luv4UQAR,Isabella Hall Residence,(02) 5189 2271,12 Railway Pde,Hurstville,New South Wales,2220,Sydney,005gK00006sTIwDQAW,2026-08-17T07:54:00.000+0000,2026-08-24T15:31:11.000+0000,SURVIVOR,
001gK00001Luv6MQAR,JESSICA SILVA RESIDENCE,,78 BEACH RD,Blacktown,New South Wales,2148,Sydney,005gK00006sTIwDQAW,2026-08-17T07:54:04.000+0000,2026-08-24T15:30:38.000+0000,ABSORBED,001gK00001Luv3wQAB
001gK00001Luv70QAB,JESSICA SILVA RESIDENCE,,78 BEACH RD,Bankstown,New South Wales,2200,Sydney,005gK00006sTIwDQAW,2026-08-17T07:54:04.000+0000,2026-08-24T15:30:39.000+0000,ABSORBED,001gK00001Luv3wQAB
001gK00001Luv7eQAB,JESSICA SILVA RESIDENCE,,78 BEACH RD,Baulkham Hills,New South Wales,2153,Sydney,005gK00006sTIwDQAW,2026-08-17T07:54:04.000+0000,2026-08-24T15:30:39.000+0000,ABSORBED,001gK00001Luv3wQAB
001gK00001Luv8IQAR,JESSICA SILVA RESIDENCE,,78 BEACH RD,Blacktown,New South Wales,2148,Sydney,005gK00006sTIwDQAW,2026-08-17T07:54:04.000+0000,2026-08-24T15:30:39.000+0000,ABSORBED,001gK00001Luv3wQAB
001gK00001Luv53QAB,Jack White Residence,(02) 6204 3356,177 Railway Pde,Wollongong,New South Wales,2500,Wollongong,005gK00006sTIwDQAW,2026-08-17T07:54:00.000+0000,2026-08-24T15:31:05.000+0000,ABSORBED,001gK00001Luv4PQAR
001gK00001Luv5hQAB,Jack White Residence,(02) 7364 4596,177 Railway Pde,Wollongong,New South Wales,2500,Wollongong,005gK00006sTIwDQAW,2026-08-17T07:54:00.000+0000,2026-08-24T15:31:05.000+0000,ABSORBED,001gK00001Luv4PQAR
001gK00001Luv6pQAB,Jack White Residence,0250442116,177 Railway Pde,Wollongong,New South Wales,2500,Wollongong,005gK00006sTIwDQAW,2026-08-17T07:54:04.000+0000,2026-08-24T15:31:06.000+0000,ABSORBED,001gK00001Luv4PQAR
001gK00001Luv7TQAR,Jack White Residence,0262043356,177 Railway Pde,Wollongong,New South Wales,2500,Wollongong,005gK00006sTIwDQAW,2026-08-17T07:54:04.000+0000,2026-08-24T15:31:06.000+0000,ABSORBED,001gK00001Luv4PQAR
001gK00001Luv87QAB,Jack White Residence,0273644596,177 Railway Pde,Wollongong,New South Wales,2500,Wollongong,005gK00006sTIwDQAW,2026-08-17T07:54:04.000+0000,2026-08-24T15:31:06.000+0000,ABSORBED,001gK00001Luv4PQAR
001gK00001Luv4PQAR,Jack White Residence,(02) 5044 2116,177 Railway Pde,Wollongong,New South Wales,2500,Wollongong,005gK00006sTIwDQAW,2026-08-17T07:54:00.000+0000,2026-08-24T15:31:06.000+0000,SURVIVOR,
001gK00001Luv3pQAB,James Nguyen Residence,(02) 4000 1000,1 Sunset Rd,Parramatta,New South Wales,2150,Sydney,005gK00006sTIwDQAW,2026-08-17T07:54:00.000+0000,2026-08-24T15:31:09.000+0000,ABSORBED,001gK00001Luv57QAB
001gK00001Luv4TQAR,James Nguyen Residence,(02) 5160 2240,1 Sunset Rd,Castle Hill,New South Wales,2154,Sydney,005gK00006sTIwDQAW,2026-08-17T07:54:00.000+0000,2026-08-24T15:31:09.000+0000,ABSORBED,001gK00001Luv57QAB
001gK00001Luv5lQAB,James Nguyen Residence,(02) 7480 4720,1 Sunset Rd,Parramatta,New South Wales,2150,Sydney,005gK00006sTIwDQAW,2026-08-17T07:54:00.000+0000,2026-08-24T15:31:09.000+0000,ABSORBED,001gK00001Luv57QAB
001gK00001Luv6FQAR,James Nguyen Residence,0240001000,1 Sunset Rd,Parramatta,New South Wales,2150,Sydney,005gK00006sTIwDQAW,2026-08-17T07:54:04.000+0000,2026-08-24T15:31:09.000+0000,ABSORBED,001gK00001Luv57QAB
001gK00001Luv6tQAB,James Nguyen Residence,0251602240,1 Sunset Rd,Castle Hill,New South Wales,2154,Sydney,005gK00006sTIwDQAW,2026-08-17T07:54:04.000+0000,2026-08-24T15:31:09.000+0000,ABSORBED,001gK00001Luv57QAB
001gK00001Luv7XQAR,James Nguyen Residence,0263203480,1 Sunset Rd,Ryde,New South Wales,2112,Sydney,005gK00006sTIwDQAW,2026-08-17T07:54:04.000+0000,2026-08-24T15:31:09.000+0000,ABSORBED,001gK00001Luv57QAB
001gK00001Luv8BQAR,James Nguyen Residence,0240001000,1 Sunset Rd,Parramatta,New South Wales,2150,Sydney,005gK00006sTIwDQAW,2026-08-17T07:54:04.000+0000,2026-08-24T15:31:10.000+0000,ABSORBED,001gK00001Luv57QAB
001gK00001Luv57QAB,James Nguyen Residence,(02) 6320 3480,1 Sunset Rd,Ryde,New South Wales,2112,Sydney,005gK00006sTIwDQAW,2026-08-17T07:54:00.000+0000,2026-08-24T15:31:10.000+0000,SURVIVOR,
001gK00001Luv4aQAB,Jessica Silva Residence,(02) 5363 2457,78 Beach Rd,Bankstown,New South Wales,2200,Sydney,005gK00006sTIwDQAW,2026-08-17T07:54:00.000+0000,2026-08-24T15:30:38.000+0000,ABSORBED,001gK00001Luv3wQAB
001gK00001Luv5EQAR,Jessica Silva Residence,(02) 6523 3697,78 Beach Rd,Baulkham Hills,New South Wales,2153,Sydney,005gK00006sTIwDQAW,2026-08-17T07:54:00.000+0000,2026-08-24T15:30:38.000+0000,ABSORBED,001gK00001Luv3wQAB
001gK00001Luv5sQAB,Jessica Silva Residence,(02) 7683 4937,78 Beach Rd,Blacktown,New South Wales,2148,Sydney,005gK00006sTIwDQAW,2026-08-17T07:54:00.000+0000,2026-08-24T15:30:38.000+0000,ABSORBED,001gK00001Luv3wQAB
001gK00001Luv3wQAB,Jessica Silva Residence,(02) 4203 1217,78 Beach Rd,Blacktown,New South Wales,2148,Sydney,005gK00006sTIwDQAW,2026-08-17T07:54:00.000+0000,2026-08-24T15:30:39.000+0000,SURVIVOR,
001gK00001Luv6fQAB,Joshua J. Patel Residence,0410205894,67 Railway Pde,Penrith,New South Wales,2750,Sydney,005gK00006sTIwDQAW,2026-08-17T07:54:04.000+0000,2026-08-24T15:37:01.000+0000,ABSORBED,001gK00001Luv8bQAB
001gK00001Luv7JQAR,Joshua J. Patel Residence,0410522654,67 Railway Pde,Chatswood,New South Wales,2067,Sydney,005gK00006sTIwDQAW,2026-08-17T07:54:04.000+0000,2026-08-24T15:37:01.000+0000,ABSORBED,001gK00001Luv8bQAB
001gK00001Luv7xQAB,Joshua J. Patel Residence,0410839414,67 Railway Pde,Campbelltown,New South Wales,2560,Sydney,005gK00006sTIwDQAW,2026-08-17T07:54:04.000+0000,2026-08-24T15:37:01.000+0000,ABSORBED,001gK00001Luv8bQAB
001gK00001Luv8bQAB,Joshua J. Patel Residence,0411156174,67 Railway Pde,Penrith,New South Wales,2750,Sydney,005gK00006sTIwDQAW,2026-08-17T07:54:04.000+0000,2026-08-24T15:37:01.000+0000,SURVIVOR,
001gK00001Luv4tQAB,Joshua Patel Residence,(02) 5914 3046,67 Railway Pde,Chatswood,New South Wales,2067,Sydney,005gK00006sTIwDQAW,2026-08-17T07:54:00.000+0000,2026-08-24T15:30:56.000+0000,ABSORBED,001gK00001Luv4FQAR
001gK00001Luv5XQAR,Joshua Patel Residence,(02) 7074 4286,67 Railway Pde,Campbelltown,New South Wales,2560,Sydney,005gK00006sTIwDQAW,2026-08-17T07:54:00.000+0000,2026-08-24T15:30:56.000+0000,ABSORBED,001gK00001Luv4FQAR
001gK00001Luv6BQAR,Joshua Patel Residence,(02) 8234 5526,67 Railway Pde,Penrith,New South Wales,2750,Sydney,005gK00006sTIwDQAW,2026-08-17T07:54:00.000+0000,2026-08-24T15:30:57.000+0000,ABSORBED,001gK00001Luv4FQAR
001gK00001Luv4FQAR,Joshua Patel Residence,(02) 4754 1806,67 Railway Pde,Penrith,New South Wales,2750,Sydney,005gK00006sTIwDQAW,2026-08-17T07:54:00.000+0000,2026-08-24T15:30:58.000+0000,SURVIVOR,
001gK00001Luv6sQAB,LILY KELLY RESIDENCE,,210 KURRAJONG DR,Wollongong,New South Wales,2500,Wollongong,005gK00006sTIwDQAW,2026-08-17T07:54:04.000+0000,2026-08-24T15:31:08.000+0000,ABSORBED,001gK00001Luv4SQAR
001gK00001Luv7WQAR,LILY KELLY RESIDENCE,,210 KURRAJONG DR,Wollongong,New South Wales,2500,Wollongong,005gK00006sTIwDQAW,2026-08-17T07:54:04.000+0000,2026-08-24T15:31:08.000+0000,ABSORBED,001gK00001Luv4SQAR
001gK00001Luv8AQAR,LILY KELLY RESIDENCE,,210 KURRAJONG DR,Wollongong,New South Wales,2500,Wollongong,005gK00006sTIwDQAW,2026-08-17T07:54:04.000+0000,2026-08-24T15:31:08.000+0000,ABSORBED,001gK00001Luv4SQAR
001gK00001Luv6OQAR,Layla Osman,(02) 4261 1279,100 Kurrajong Dr,Liverpool,New South Wales,2170,Sydney,005gK00006sTIwDQAW,2026-08-17T07:54:04.000+0000,2026-08-24T15:30:40.000+0000,ABSORBED,001gK00001Luv4cQAB
001gK00001Luv72QAB,Layla Osman,(02) 5421 2519,100 Kurrajong Dr,Hornsby,New South Wales,2077,Sydney,005gK00006sTIwDQAW,2026-08-17T07:54:04.000+0000,2026-08-24T15:30:40.000+0000,ABSORBED,001gK00001Luv4cQAB
001gK00001Luv7gQAB,Layla Osman,(02) 6581 3759,100 Kurrajong Dr,Hurstville,New South Wales,2220,Sydney,005gK00006sTIwDQAW,2026-08-17T07:54:04.000+0000,2026-08-24T15:30:40.000+0000,ABSORBED,001gK00001Luv4cQAB
001gK00001Luv8KQAR,Layla Osman,(02) 4261 1279,100 Kurrajong Dr,Liverpool,New South Wales,2170,Sydney,005gK00006sTIwDQAW,2026-08-17T07:54:04.000+0000,2026-08-24T15:30:41.000+0000,ABSORBED,001gK00001Luv4cQAB
001gK00001Luv3yQAB,Layla Osman Residence,(02) 4261 1279,100 Kurrajong Dr,Liverpool,New South Wales,2170,Sydney,005gK00006sTIwDQAW,2026-08-17T07:54:00.000+0000,2026-08-24T15:30:40.000+0000,ABSORBED,001gK00001Luv4cQAB
001gK00001Luv5GQAR,Layla Osman Residence,(02) 6581 3759,100 Kurrajong Dr,Hurstville,New South Wales,2220,Sydney,005gK00006sTIwDQAW,2026-08-17T07:54:00.000+0000,2026-08-24T15:30:40.000+0000,ABSORBED,001gK00001Luv4cQAB
001gK00001Luv5uQAB,Layla Osman Residence,(02) 7741 4999,100 Kurrajong Dr,Liverpool,New South Wales,2170,Sydney,005gK00006sTIwDQAW,2026-08-17T07:54:00.000+0000,2026-08-24T15:30:40.000+0000,ABSORBED,001gK00001Luv4cQAB
001gK00001Luv4cQAB,Layla Osman Residence,(02) 5421 2519,100 Kurrajong Dr,Hornsby,New South Wales,2077,Sydney,005gK00006sTIwDQAW,2026-08-17T07:54:00.000+0000,2026-08-24T15:30:41.000+0000,SURVIVOR,
001gK00001Luv4lQAB,Liam Bennett Residence,(02) 5682 2798,199 Mill Lane,Wollongong,New South Wales,2500,Wollongong,005gK00006sTIwDQAW,2026-08-17T07:54:00.000+0000,2026-08-24T15:30:46.000+0000,ABSORBED,001gK00001Luv47QAB
001gK00001Luv5PQAR,Liam Bennett Residence,(02) 6842 4038,199 Mill Lane,Wollongong,New South Wales,2500,Wollongong,005gK00006sTIwDQAW,2026-08-17T07:54:00.000+0000,2026-08-24T15:30:46.000+0000,ABSORBED,001gK00001Luv47QAB
001gK00001Luv63QAB,Liam Bennett Residence,(02) 8002 5278,199 Mill Lane,Wollongong,New South Wales,2500,Wollongong,005gK00006sTIwDQAW,2026-08-17T07:54:00.000+0000,2026-08-24T15:30:47.000+0000,ABSORBED,001gK00001Luv47QAB
001gK00001Luv47QAB,Liam Bennett Residence,(02) 4522 1558,199 Mill Lane,Wollongong,New South Wales,2500,Wollongong,005gK00006sTIwDQAW,2026-08-17T07:54:00.000+0000,2026-08-24T15:30:47.000+0000,SURVIVOR,
001gK00001Luv7BQAR,Liam J. Bennett Residence,0410459302,199 Mill Lane,Wollongong,New South Wales,2500,Wollongong,005gK00006sTIwDQAW,2026-08-17T07:54:04.000+0000,2026-08-24T15:31:15.000+0000,ABSORBED,001gK00001Luv6XQAR
001gK00001Luv7pQAB,Liam J. Bennett Residence,0410776062,199 Mill Lane,Wollongong,New South Wales,2500,Wollongong,005gK00006sTIwDQAW,2026-08-17T07:54:04.000+0000,2026-08-24T15:31:15.000+0000,ABSORBED,001gK00001Luv6XQAR
001gK00001Luv8TQAR,Liam J. Bennett Residence,0411092822,199 Mill Lane,Wollongong,New South Wales,2500,Wollongong,005gK00006sTIwDQAW,2026-08-17T07:54:04.000+0000,2026-08-24T15:31:16.000+0000,ABSORBED,001gK00001Luv6XQAR
001gK00001Luv6XQAR,Liam J. Bennett Residence,0410142542,199 Mill Lane,Wollongong,New South Wales,2500,Wollongong,005gK00006sTIwDQAW,2026-08-17T07:54:04.000+0000,2026-08-24T15:31:16.000+0000,SURVIVOR,
001gK00001Luv56QAB,Lily Kelly Residence,(02) 6291 3449,210 Kurrajong Dr,Wollongong,New South Wales,2500,Wollongong,005gK00006sTIwDQAW,2026-08-17T07:54:00.000+0000,2026-08-24T15:31:08.000+0000,ABSORBED,001gK00001Luv4SQAR
001gK00001Luv5kQAB,Lily Kelly Residence,(02) 7451 4689,210 Kurrajong Dr,Wollongong,New South Wales,2500,Wollongong,005gK00006sTIwDQAW,2026-08-17T07:54:00.000+0000,2026-08-24T15:31:08.000+0000,ABSORBED,001gK00001Luv4SQAR
001gK00001Luv4SQAR,Lily Kelly Residence,(02) 5131 2209,210 Kurrajong Dr,Wollongong,New South Wales,2500,Wollongong,005gK00006sTIwDQAW,2026-08-17T07:54:00.000+0000,2026-08-24T15:31:09.000+0000,SURVIVOR,
001gK00001Luv7NQAR,Lucas J. Tran Residence,0410554330,111 Sunset Rd,Campbelltown,New South Wales,2560,Sydney,005gK00006sTIwDQAW,2026-08-17T07:54:04.000+0000,2026-08-24T15:37:01.000+0000,ABSORBED,001gK00001Luv6jQAB
001gK00001Luv81QAB,Lucas J. Tran Residence,0410871090,111 Sunset Rd,Penrith,New South Wales,2750,Sydney,005gK00006sTIwDQAW,2026-08-17T07:54:04.000+0000,2026-08-24T15:37:01.000+0000,ABSORBED,001gK00001Luv6jQAB
001gK00001Luv6jQAB,Lucas J. Tran Residence,0410237570,111 Sunset Rd,Chatswood,New South Wales,2067,Sydney,005gK00006sTIwDQAW,2026-08-17T07:54:04.000+0000,2026-08-24T15:37:02.000+0000,SURVIVOR,
001gK00001Luv4xQAB,Lucas Tran Residence,(02) 6030 3170,111 Sunset Rd,Campbelltown,New South Wales,2560,Sydney,005gK00006sTIwDQAW,2026-08-17T07:54:00.000+0000,2026-08-24T15:31:01.000+0000,ABSORBED,001gK00001Luv4JQAR
001gK00001Luv5bQAB,Lucas Tran Residence,(02) 7190 4410,111 Sunset Rd,Penrith,New South Wales,2750,Sydney,005gK00006sTIwDQAW,2026-08-17T07:54:00.000+0000,2026-08-24T15:31:01.000+0000,ABSORBED,001gK00001Luv4JQAR
001gK00001Luv4JQAR,Lucas Tran Residence,(02) 4870 1930,111 Sunset Rd,Chatswood,New South Wales,2067,Sydney,005gK00006sTIwDQAW,2026-08-17T07:54:00.000+0000,2026-08-24T15:31:01.000+0000,SURVIVOR,
001gK00001Luv4jQAB,Matthew Kaur Residence,(02) 5624 2736,177 Railway Pde,Wollongong,New South Wales,2500,Wollongong,005gK00006sTIwDQAW,2026-08-17T07:54:00.000+0000,2026-08-24T15:30:45.000+0000,ABSORBED,001gK00001Luv45QAB
001gK00001Luv5NQAR,Matthew Kaur Residence,(02) 6784 3976,177 Railway Pde,Wollongong,New South Wales,2500,Wollongong,005gK00006sTIwDQAW,2026-08-17T07:54:00.000+0000,2026-08-24T15:30:45.000+0000,ABSORBED,001gK00001Luv45QAB
001gK00001Luv61QAB,Matthew Kaur Residence,(02) 7944 5216,177 Railway Pde,Wollongong,New South Wales,2500,Wollongong,005gK00006sTIwDQAW,2026-08-17T07:54:00.000+0000,2026-08-24T15:30:46.000+0000,ABSORBED,001gK00001Luv45QAB
001gK00001Luv6VQAR,Matthew Kaur Residence,0244641496,177 Railway Pde,Wollongong,New South Wales,2500,Wollongong,005gK00006sTIwDQAW,2026-08-17T07:54:04.000+0000,2026-08-24T15:30:46.000+0000,ABSORBED,001gK00001Luv45QAB
001gK00001Luv79QAB,Matthew Kaur Residence,0256242736,177 Railway Pde,Wollongong,New South Wales,2500,Wollongong,005gK00006sTIwDQAW,2026-08-17T07:54:04.000+0000,2026-08-24T15:30:46.000+0000,ABSORBED,001gK00001Luv45QAB
001gK00001Luv7nQAB,Matthew Kaur Residence,0267843976,177 Railway Pde,Wollongong,New South Wales,2500,Wollongong,005gK00006sTIwDQAW,2026-08-17T07:54:04.000+0000,2026-08-24T15:30:46.000+0000,ABSORBED,001gK00001Luv45QAB
001gK00001Luv8RQAR,Matthew Kaur Residence,0244641496,177 Railway Pde,Wollongong,New South Wales,2500,Wollongong,005gK00006sTIwDQAW,2026-08-17T07:54:04.000+0000,2026-08-24T15:30:46.000+0000,ABSORBED,001gK00001Luv45QAB
001gK00001Luv45QAB,Matthew Kaur Residence,(02) 4464 1496,177 Railway Pde,Wollongong,New South Wales,2500,Wollongong,005gK00006sTIwDQAW,2026-08-17T07:54:00.000+0000,2026-08-24T15:30:46.000+0000,SURVIVOR,
001gK00001Luv6KQAR,Mia Taylor,(02) 4145 1155,56 Sunset Road,Hurstville,New South Wales,2220,Sydney,005gK00006sTIwDQAW,2026-08-17T07:54:04.000+0000,2026-08-24T15:30:37.000+0000,ABSORBED,001gK00001Luv3uQAB
001gK00001Luv6yQAB,Mia Taylor,(02) 5305 2395,56 Sunset Road,Liverpool,New South Wales,2170,Sydney,005gK00006sTIwDQAW,2026-08-17T07:54:04.000+0000,2026-08-24T15:30:37.000+0000,ABSORBED,001gK00001Luv3uQAB
001gK00001Luv7cQAB,Mia Taylor,(02) 6465 3635,56 Sunset Road,Hornsby,New South Wales,2077,Sydney,005gK00006sTIwDQAW,2026-08-17T07:54:04.000+0000,2026-08-24T15:30:37.000+0000,ABSORBED,001gK00001Luv3uQAB
001gK00001Luv8GQAR,Mia Taylor,(02) 4145 1155,56 Sunset Road,Hurstville,New South Wales,2220,Sydney,005gK00006sTIwDQAW,2026-08-17T07:54:04.000+0000,2026-08-24T15:30:37.000+0000,ABSORBED,001gK00001Luv3uQAB
001gK00001Luv4YQAR,Mia Taylor Residence,(02) 5305 2395,56 Sunset Rd,Liverpool,New South Wales,2170,Sydney,005gK00006sTIwDQAW,2026-08-17T07:54:00.000+0000,2026-08-24T15:30:37.000+0000,ABSORBED,001gK00001Luv3uQAB
001gK00001Luv5CQAR,Mia Taylor Residence,(02) 6465 3635,56 Sunset Rd,Hornsby,New South Wales,2077,Sydney,005gK00006sTIwDQAW,2026-08-17T07:54:00.000+0000,2026-08-24T15:30:37.000+0000,ABSORBED,001gK00001Luv3uQAB
001gK00001Luv5qQAB,Mia Taylor Residence,(02) 7625 4875,56 Sunset Rd,Hurstville,New South Wales,2220,Sydney,005gK00006sTIwDQAW,2026-08-17T07:54:00.000+0000,2026-08-24T15:30:37.000+0000,ABSORBED,001gK00001Luv3uQAB
001gK00001Luv3uQAB,Mia Taylor Residence,(02) 4145 1155,56 Sunset Rd,Hurstville,New South Wales,2220,Sydney,005gK00006sTIwDQAW,2026-08-17T07:54:00.000+0000,2026-08-24T15:30:38.000+0000,SURVIVOR,
001gK00001Luv7RQAR,Michael J. Young Residence,0410586006,155 Kurrajong Dr,Belmont,New South Wales,2280,Newcastle,005gK00006sTIwDQAW,2026-08-17T07:54:04.000+0000,2026-08-24T15:31:16.000+0000,ABSORBED,001gK00001Luv6nQAB
001gK00001Luv85QAB,Michael J. Young Residence,0410902766,155 Kurrajong Dr,Belmont,New South Wales,2280,Newcastle,005gK00006sTIwDQAW,2026-08-17T07:54:04.000+0000,2026-08-24T15:31:16.000+0000,ABSORBED,001gK00001Luv6nQAB
001gK00001Luv6nQAB,Michael J. Young Residence,0410269246,155 Kurrajong Dr,Belmont,New South Wales,2280,Newcastle,005gK00006sTIwDQAW,2026-08-17T07:54:04.000+0000,2026-08-24T15:31:16.000+0000,SURVIVOR,
001gK00001Luv4NQAR,Michael Young Residence,(02) 4986 2054,155 Kurrajong Dr,Belmont,New South Wales,2280,Newcastle,005gK00006sTIwDQAW,2026-08-17T07:54:00.000+0000,2026-08-24T15:31:04.000+0000,ABSORBED,001gK00001Luv5fQAB
001gK00001Luv51QAB,Michael Young Residence,(02) 6146 3294,155 Kurrajong Dr,Belmont,New South Wales,2280,Newcastle,005gK00006sTIwDQAW,2026-08-17T07:54:00.000+0000,2026-08-24T15:31:04.000+0000,ABSORBED,001gK00001Luv5fQAB
001gK00001Luv5fQAB,Michael Young Residence,(02) 7306 4534,155 Kurrajong Dr,Belmont,New South Wales,2280,Newcastle,005gK00006sTIwDQAW,2026-08-17T07:54:00.000+0000,2026-08-24T15:31:04.000+0000,SURVIVOR,
001gK00001Luv4zQAB,Nathan Ryan Residence,(02) 6088 3232,133 Beach Rd,Newcastle,New South Wales,2300,Newcastle,005gK00006sTIwDQAW,2026-08-17T07:54:00.000+0000,2026-08-24T15:31:02.000+0000,ABSORBED,001gK00001Luv4LQAR
001gK00001Luv5dQAB,Nathan Ryan Residence,(02) 7248 4472,133 Beach Rd,Newcastle,New South Wales,2300,Newcastle,005gK00006sTIwDQAW,2026-08-17T07:54:00.000+0000,2026-08-24T15:31:02.000+0000,ABSORBED,001gK00001Luv4LQAR
001gK00001Luv6lQAB,Nathan Ryan Residence,0249281992,133 Beach Rd,Newcastle,New South Wales,2300,Newcastle,005gK00006sTIwDQAW,2026-08-17T07:54:04.000+0000,2026-08-24T15:31:02.000+0000,ABSORBED,001gK00001Luv4LQAR
001gK00001Luv7PQAR,Nathan Ryan Residence,0260883232,133 Beach Rd,Newcastle,New South Wales,2300,Newcastle,005gK00006sTIwDQAW,2026-08-17T07:54:04.000+0000,2026-08-24T15:31:02.000+0000,ABSORBED,001gK00001Luv4LQAR
001gK00001Luv83QAB,Nathan Ryan Residence,0272484472,133 Beach Rd,Newcastle,New South Wales,2300,Newcastle,005gK00006sTIwDQAW,2026-08-17T07:54:04.000+0000,2026-08-24T15:31:03.000+0000,ABSORBED,001gK00001Luv4LQAR
001gK00001Luv4LQAR,Nathan Ryan Residence,(02) 4928 1992,133 Beach Rd,Newcastle,New South Wales,2300,Newcastle,005gK00006sTIwDQAW,2026-08-17T07:54:00.000+0000,2026-08-24T15:31:03.000+0000,SURVIVOR,
001gK00001Luv41QAB,Noah Brown Residence,(02) 4348 1372,133 Beach Rd,Raymond Terrace,New South Wales,2324,Newcastle,005gK00006sTIwDQAW,2026-08-17T07:54:00.000+0000,2026-08-24T15:30:42.000+0000,ABSORBED,001gK00001Luv5JQAR
001gK00001Luv4fQAB,Noah Brown Residence,(02) 5508 2612,133 Beach Rd,Raymond Terrace,New South Wales,2324,Newcastle,005gK00006sTIwDQAW,2026-08-17T07:54:00.000+0000,2026-08-24T15:30:42.000+0000,ABSORBED,001gK00001Luv5JQAR
001gK00001Luv5xQAB,Noah Brown Residence,(02) 7828 5092,133 Beach Rd,Raymond Terrace,New South Wales,2324,Newcastle,005gK00006sTIwDQAW,2026-08-17T07:54:00.000+0000,2026-08-24T15:30:43.000+0000,ABSORBED,001gK00001Luv5JQAR
001gK00001Luv6RQAR,Noah Brown Residence,0243481372,133 Beach Rd,Raymond Terrace,New South Wales,2324,Newcastle,005gK00006sTIwDQAW,2026-08-17T07:54:04.000+0000,2026-08-24T15:30:43.000+0000,ABSORBED,001gK00001Luv5JQAR
001gK00001Luv75QAB,Noah Brown Residence,0255082612,133 Beach Rd,Raymond Terrace,New South Wales,2324,Newcastle,005gK00006sTIwDQAW,2026-08-17T07:54:04.000+0000,2026-08-24T15:30:43.000+0000,ABSORBED,001gK00001Luv5JQAR
001gK00001Luv7jQAB,Noah Brown Residence,0266683852,133 Beach Rd,Raymond Terrace,New South Wales,2324,Newcastle,005gK00006sTIwDQAW,2026-08-17T07:54:04.000+0000,2026-08-24T15:30:43.000+0000,ABSORBED,001gK00001Luv5JQAR
001gK00001Luv8NQAR,Noah Brown Residence,0243481372,133 Beach Rd,Raymond Terrace,New South Wales,2324,Newcastle,005gK00006sTIwDQAW,2026-08-17T07:54:04.000+0000,2026-08-24T15:30:43.000+0000,ABSORBED,001gK00001Luv5JQAR
001gK00001Luv5JQAR,Noah Brown Residence,(02) 6668 3852,133 Beach Rd,Raymond Terrace,New South Wales,2324,Newcastle,005gK00006sTIwDQAW,2026-08-17T07:54:00.000+0000,2026-08-24T15:30:43.000+0000,SURVIVOR,
001gK00001Luv6LQAR,Oliver J. Murphy Residence,0410047514,67 Railway Pde,Chatswood,New South Wales,2067,Sydney,005gK00006sTIwDQAW,2026-08-17T07:54:04.000+0000,2026-08-24T15:37:02.000+0000,ABSORBED,001gK00001Luv6zQAB
001gK00001Luv7dQAB,Oliver J. Murphy Residence,0410681034,67 Railway Pde,Penrith,New South Wales,2750,Sydney,005gK00006sTIwDQAW,2026-08-17T07:54:04.000+0000,2026-08-24T15:37:02.000+0000,ABSORBED,001gK00001Luv6zQAB
001gK00001Luv8HQAR,Oliver J. Murphy Residence,0410997794,67 Railway Pde,Chatswood,New South Wales,2067,Sydney,005gK00006sTIwDQAW,2026-08-17T07:54:04.000+0000,2026-08-24T15:37:02.000+0000,ABSORBED,001gK00001Luv6zQAB
001gK00001Luv6zQAB,Oliver J. Murphy Residence,0410364274,67 Railway Pde,Campbelltown,New South Wales,2560,Sydney,005gK00006sTIwDQAW,2026-08-17T07:54:04.000+0000,2026-08-24T15:37:03.000+0000,SURVIVOR,
001gK00001Luv4ZQAR,Oliver Murphy Residence,(02) 5334 2426,67 Railway Pde,Campbelltown,New South Wales,2560,Sydney,005gK00006sTIwDQAW,2026-08-17T07:54:00.000+0000,2026-08-24T15:30:38.000+0000,ABSORBED,001gK00001Luv3vQAB
001gK00001Luv5DQAR,Oliver Murphy Residence,(02) 6494 3666,67 Railway Pde,Penrith,New South Wales,2750,Sydney,005gK00006sTIwDQAW,2026-08-17T07:54:00.000+0000,2026-08-24T15:30:38.000+0000,ABSORBED,001gK00001Luv3vQAB
001gK00001Luv5rQAB,Oliver Murphy Residence,(02) 7654 4906,67 Railway Pde,Chatswood,New South Wales,2067,Sydney,005gK00006sTIwDQAW,2026-08-17T07:54:00.000+0000,2026-08-24T15:30:38.000+0000,ABSORBED,001gK00001Luv3vQAB
001gK00001Luv3vQAB,Oliver Murphy Residence,(02) 4174 1186,67 Railway Pde,Chatswood,New South Wales,2067,Sydney,005gK00006sTIwDQAW,2026-08-17T07:54:00.000+0000,2026-08-24T15:30:38.000+0000,SURVIVOR,
001gK00001Luv6eQAB,Olivia Campbell,(02) 4725 1775,56 Sunset Road,Hornsby,New South Wales,2077,Sydney,005gK00006sTIwDQAW,2026-08-17T07:54:04.000+0000,2026-08-24T15:31:14.000+0000,ABSORBED,001gK00001Luv4sQAB
001gK00001Luv7IQAR,Olivia Campbell,(02) 5885 3015,56 Sunset Road,Hurstville,New South Wales,2220,Sydney,005gK00006sTIwDQAW,2026-08-17T07:54:04.000+0000,2026-08-24T15:31:14.000+0000,ABSORBED,001gK00001Luv4sQAB
001gK00001Luv7wQAB,Olivia Campbell,(02) 7045 4255,56 Sunset Road,Liverpool,New South Wales,2170,Sydney,005gK00006sTIwDQAW,2026-08-17T07:54:04.000+0000,2026-08-24T15:31:14.000+0000,ABSORBED,001gK00001Luv4sQAB
001gK00001Luv8aQAB,Olivia Campbell,(02) 4725 1775,56 Sunset Road,Hornsby,New South Wales,2077,Sydney,005gK00006sTIwDQAW,2026-08-17T07:54:04.000+0000,2026-08-24T15:31:14.000+0000,ABSORBED,001gK00001Luv4sQAB
001gK00001Luv4EQAR,Olivia Campbell Residence,(02) 4725 1775,56 Sunset Rd,Hornsby,New South Wales,2077,Sydney,005gK00006sTIwDQAW,2026-08-17T07:54:00.000+0000,2026-08-24T15:30:52.000+0000,ABSORBED,001gK00001Luv4sQAB
001gK00001Luv5WQAR,Olivia Campbell Residence,(02) 7045 4255,56 Sunset Rd,Liverpool,New South Wales,2170,Sydney,005gK00006sTIwDQAW,2026-08-17T07:54:00.000+0000,2026-08-24T15:30:52.000+0000,ABSORBED,001gK00001Luv4sQAB
001gK00001Luv6AQAR,Olivia Campbell Residence,(02) 8205 5495,56 Sunset Rd,Hornsby,New South Wales,2077,Sydney,005gK00006sTIwDQAW,2026-08-17T07:54:00.000+0000,2026-08-24T15:31:14.000+0000,ABSORBED,001gK00001Luv4sQAB
001gK00001Luv4sQAB,Olivia Campbell Residence,(02) 5885 3015,56 Sunset Rd,Hurstville,New South Wales,2220,Sydney,005gK00006sTIwDQAW,2026-08-17T07:54:00.000+0000,2026-08-24T15:31:15.000+0000,SURVIVOR,
001gK00001Luv4nQAB,Robert Chen Residence,(02) 5740 2860,1 Sunset Rd,Parramatta,New South Wales,2150,Sydney,005gK00006sTIwDQAW,2026-08-17T07:54:00.000+0000,2026-08-24T15:30:49.000+0000,ABSORBED,001gK00001Luv49QAB
001gK00001Luv5RQAR,Robert Chen Residence,(02) 6900 4100,1 Sunset Rd,Castle Hill,New South Wales,2154,Sydney,005gK00006sTIwDQAW,2026-08-17T07:54:00.000+0000,2026-08-24T15:30:49.000+0000,ABSORBED,001gK00001Luv49QAB
001gK00001Luv65QAB,Robert Chen Residence,(02) 8060 5340,1 Sunset Rd,Ryde,New South Wales,2112,Sydney,005gK00006sTIwDQAW,2026-08-17T07:54:00.000+0000,2026-08-24T15:30:49.000+0000,ABSORBED,001gK00001Luv49QAB
001gK00001Luv6ZQAR,Robert Chen Residence,0245801620,1 Sunset Rd,Ryde,New South Wales,2112,Sydney,005gK00006sTIwDQAW,2026-08-17T07:54:04.000+0000,2026-08-24T15:30:49.000+0000,ABSORBED,001gK00001Luv49QAB
001gK00001Luv7DQAR,Robert Chen Residence,0257402860,1 Sunset Rd,Parramatta,New South Wales,2150,Sydney,005gK00006sTIwDQAW,2026-08-17T07:54:04.000+0000,2026-08-24T15:30:49.000+0000,ABSORBED,001gK00001Luv49QAB
001gK00001Luv7rQAB,Robert Chen Residence,0269004100,1 Sunset Rd,Castle Hill,New South Wales,2154,Sydney,005gK00006sTIwDQAW,2026-08-17T07:54:04.000+0000,2026-08-24T15:30:49.000+0000,ABSORBED,001gK00001Luv49QAB
001gK00001Luv8VQAR,Robert Chen Residence,0245801620,1 Sunset Rd,Ryde,New South Wales,2112,Sydney,005gK00006sTIwDQAW,2026-08-17T07:54:04.000+0000,2026-08-24T15:30:49.000+0000,ABSORBED,001gK00001Luv49QAB
001gK00001Luv49QAB,Robert Chen Residence,(02) 4580 1620,1 Sunset Rd,Ryde,New South Wales,2112,Sydney,005gK00006sTIwDQAW,2026-08-17T07:54:00.000+0000,2026-08-24T15:30:50.000+0000,SURVIVOR,
001gK00001Luv6iQAB,Ruby Harris,(02) 4841 1899,100 Kurrajong Dr,Hurstville,New South Wales,2220,Sydney,005gK00006sTIwDQAW,2026-08-17T07:54:04.000+0000,2026-08-24T15:31:00.000+0000,ABSORBED,001gK00001Luv4wQAB
001gK00001Luv7MQAR,Ruby Harris,(02) 6001 3139,100 Kurrajong Dr,Liverpool,New South Wales,2170,Sydney,005gK00006sTIwDQAW,2026-08-17T07:54:04.000+0000,2026-08-24T15:31:00.000+0000,ABSORBED,001gK00001Luv4wQAB
001gK00001Luv80QAB,Ruby Harris,(02) 7161 4379,100 Kurrajong Dr,Hornsby,New South Wales,2077,Sydney,005gK00006sTIwDQAW,2026-08-17T07:54:04.000+0000,2026-08-24T15:31:00.000+0000,ABSORBED,001gK00001Luv4wQAB
001gK00001Luv8eQAB,Ruby Harris,(02) 4841 1899,100 Kurrajong Dr,Hurstville,New South Wales,2220,Sydney,005gK00006sTIwDQAW,2026-08-17T07:54:04.000+0000,2026-08-24T15:30:59.000+0000,ABSORBED,001gK00001Luv4wQAB
001gK00001Luv4IQAR,Ruby Harris Residence,(02) 4841 1899,100 Kurrajong Dr,Hurstville,New South Wales,2220,Sydney,005gK00006sTIwDQAW,2026-08-17T07:54:00.000+0000,2026-08-24T15:30:59.000+0000,ABSORBED,001gK00001Luv4wQAB
001gK00001Luv5aQAB,Ruby Harris Residence,(02) 7161 4379,100 Kurrajong Dr,Hornsby,New South Wales,2077,Sydney,005gK00006sTIwDQAW,2026-08-17T07:54:00.000+0000,2026-08-24T15:30:59.000+0000,ABSORBED,001gK00001Luv4wQAB
001gK00001Luv6EQAR,Ruby Harris Residence,(02) 8321 5619,100 Kurrajong Dr,Hurstville,New South Wales,2220,Sydney,005gK00006sTIwDQAW,2026-08-17T07:54:00.000+0000,2026-08-24T15:30:59.000+0000,ABSORBED,001gK00001Luv4wQAB
001gK00001Luv4wQAB,Ruby Harris Residence,(02) 6001 3139,100 Kurrajong Dr,Liverpool,New South Wales,2170,Sydney,005gK00006sTIwDQAW,2026-08-17T07:54:00.000+0000,2026-08-24T15:31:01.000+0000,SURVIVOR,
001gK00001Luv7VQAR,Ryan J. Singh Residence,0410617682,199 Mill Lane,Wollongong,New South Wales,2500,Wollongong,005gK00006sTIwDQAW,2026-08-17T07:54:04.000+0000,2026-08-24T15:31:16.000+0000,ABSORBED,001gK00001Luv6rQAB
001gK00001Luv89QAB,Ryan J. Singh Residence,0410934442,199 Mill Lane,Wollongong,New South Wales,2500,Wollongong,005gK00006sTIwDQAW,2026-08-17T07:54:04.000+0000,2026-08-24T15:31:16.000+0000,ABSORBED,001gK00001Luv6rQAB
001gK00001Luv6rQAB,Ryan J. Singh Residence,0410300922,199 Mill Lane,Wollongong,New South Wales,2500,Wollongong,005gK00006sTIwDQAW,2026-08-17T07:54:04.000+0000,2026-08-24T15:31:16.000+0000,SURVIVOR,
001gK00001Luv4RQAR,Ryan Singh Residence,(02) 5102 2178,199 Mill Lane,Wollongong,New South Wales,2500,Wollongong,005gK00006sTIwDQAW,2026-08-17T07:54:00.000+0000,2026-08-24T15:31:07.000+0000,ABSORBED,001gK00001Luv55QAB
001gK00001Luv5jQAB,Ryan Singh Residence,(02) 7422 4658,199 Mill Lane,Wollongong,New South Wales,2500,Wollongong,005gK00006sTIwDQAW,2026-08-17T07:54:00.000+0000,2026-08-24T15:31:07.000+0000,ABSORBED,001gK00001Luv55QAB
001gK00001Luv55QAB,Ryan Singh Residence,(02) 6262 3418,199 Mill Lane,Wollongong,New South Wales,2500,Wollongong,005gK00006sTIwDQAW,2026-08-17T07:54:00.000+0000,2026-08-24T15:31:08.000+0000,SURVIVOR,
001gK00001Luv6UQAR,SIENNA LEWIS RESIDENCE,,166 SUNSET RD,Charlestown,New South Wales,2290,Newcastle,005gK00006sTIwDQAW,2026-08-17T07:54:04.000+0000,2026-08-24T15:30:44.000+0000,ABSORBED,001gK00001Luv4iQAB
001gK00001Luv78QAB,SIENNA LEWIS RESIDENCE,,166 SUNSET RD,Charlestown,New South Wales,2290,Newcastle,005gK00006sTIwDQAW,2026-08-17T07:54:04.000+0000,2026-08-24T15:30:45.000+0000,ABSORBED,001gK00001Luv4iQAB
001gK00001Luv7mQAB,SIENNA LEWIS RESIDENCE,,166 SUNSET RD,Charlestown,New South Wales,2290,Newcastle,005gK00006sTIwDQAW,2026-08-17T07:54:04.000+0000,2026-08-24T15:30:45.000+0000,ABSORBED,001gK00001Luv4iQAB
001gK00001Luv8QQAR,SIENNA LEWIS RESIDENCE,,166 SUNSET RD,Charlestown,New South Wales,2290,Newcastle,005gK00006sTIwDQAW,2026-08-17T07:54:04.000+0000,2026-08-24T15:30:45.000+0000,ABSORBED,001gK00001Luv4iQAB
001gK00001Luv6YQAR,SOPHIE WILSON RESIDENCE,,210 KURRAJONG DR,Wollongong,New South Wales,2500,Wollongong,005gK00006sTIwDQAW,2026-08-17T07:54:04.000+0000,2026-08-24T15:30:47.000+0000,ABSORBED,001gK00001Luv48QAB
001gK00001Luv7CQAR,SOPHIE WILSON RESIDENCE,,210 KURRAJONG DR,Wollongong,New South Wales,2500,Wollongong,005gK00006sTIwDQAW,2026-08-17T07:54:04.000+0000,2026-08-24T15:30:48.000+0000,ABSORBED,001gK00001Luv48QAB
001gK00001Luv7qQAB,SOPHIE WILSON RESIDENCE,,210 KURRAJONG DR,Wollongong,New South Wales,2500,Wollongong,005gK00006sTIwDQAW,2026-08-17T07:54:04.000+0000,2026-08-24T15:30:48.000+0000,ABSORBED,001gK00001Luv48QAB
001gK00001Luv8UQAR,SOPHIE WILSON RESIDENCE,,210 KURRAJONG DR,Wollongong,New South Wales,2500,Wollongong,005gK00006sTIwDQAW,2026-08-17T07:54:04.000+0000,2026-08-24T15:30:48.000+0000,ABSORBED,001gK00001Luv48QAB
001gK00001Jx11eQAB,Sample Account for Entitlements,,,,,,,005gK00006sTIwDQAW,2026-08-11T16:21:37.000+0000,2026-08-20T21:10:26.000+0000,SURVIVOR,
001gK00001Luv3rQAB,Samuel Fitzgerald Residence,(02) 4058 1062,23 Beach Rd,Penrith,New South Wales,2750,Sydney,005gK00006sTIwDQAW,2026-08-17T07:54:00.000+0000,2026-08-24T15:31:12.000+0000,ABSORBED,001gK00001Luv4VQAR
001gK00001Luv59QAB,Samuel Fitzgerald Residence,(02) 6378 3542,23 Beach Rd,Campbelltown,New South Wales,2560,Sydney,005gK00006sTIwDQAW,2026-08-17T07:54:00.000+0000,2026-08-24T15:31:11.000+0000,ABSORBED,001gK00001Luv4VQAR
001gK00001Luv5nQAB,Samuel Fitzgerald Residence,(02) 7538 4782,23 Beach Rd,Penrith,New South Wales,2750,Sydney,005gK00006sTIwDQAW,2026-08-17T07:54:00.000+0000,2026-08-24T15:31:11.000+0000,ABSORBED,001gK00001Luv4VQAR
001gK00001Luv4VQAR,Samuel Fitzgerald Residence,(02) 5218 2302,23 Beach Rd,Chatswood,New South Wales,2067,Sydney,005gK00006sTIwDQAW,2026-08-17T07:54:00.000+0000,2026-08-24T15:31:13.000+0000,SURVIVOR,
001gK00001Luv6HQAR,Samuel J. Fitzgerald Residence,0410015838,23 Beach Rd,Penrith,New South Wales,2750,Sydney,005gK00006sTIwDQAW,2026-08-17T07:54:04.000+0000,2026-08-24T15:37:02.000+0000,ABSORBED,001gK00001Luv6vQAB
001gK00001Luv7ZQAR,Samuel J. Fitzgerald Residence,0410649358,23 Beach Rd,Campbelltown,New South Wales,2560,Sydney,005gK00006sTIwDQAW,2026-08-17T07:54:04.000+0000,2026-08-24T15:37:02.000+0000,ABSORBED,001gK00001Luv6vQAB
001gK00001Luv8DQAR,Samuel J. Fitzgerald Residence,0410966118,23 Beach Rd,Penrith,New South Wales,2750,Sydney,005gK00006sTIwDQAW,2026-08-17T07:54:04.000+0000,2026-08-24T15:37:02.000+0000,ABSORBED,001gK00001Luv6vQAB
001gK00001Luv6vQAB,Samuel J. Fitzgerald Residence,0410332598,23 Beach Rd,Chatswood,New South Wales,2067,Sydney,005gK00006sTIwDQAW,2026-08-17T07:54:04.000+0000,2026-08-24T15:37:02.000+0000,SURVIVOR,
001gK00001Luv6qQAB,Sarah Barnes,(02) 5073 2147,188 Beach Road,Wollongong,New South Wales,2500,Wollongong,005gK00006sTIwDQAW,2026-08-17T07:54:04.000+0000,2026-08-24T15:31:07.000+0000,ABSORBED,001gK00001Luv5iQAB
001gK00001Luv7UQAR,Sarah Barnes,(02) 6233 3387,188 Beach Road,Wollongong,New South Wales,2500,Wollongong,005gK00006sTIwDQAW,2026-08-17T07:54:04.000+0000,2026-08-24T15:31:07.000+0000,ABSORBED,001gK00001Luv5iQAB
001gK00001Luv88QAB,Sarah Barnes,(02) 7393 4627,188 Beach Road,Wollongong,New South Wales,2500,Wollongong,005gK00006sTIwDQAW,2026-08-17T07:54:04.000+0000,2026-08-24T15:31:07.000+0000,ABSORBED,001gK00001Luv5iQAB
001gK00001Luv4QQAR,Sarah Barnes Residence,(02) 5073 2147,188 Beach Rd,Wollongong,New South Wales,2500,Wollongong,005gK00006sTIwDQAW,2026-08-17T07:54:00.000+0000,2026-08-24T15:31:06.000+0000,ABSORBED,001gK00001Luv5iQAB
001gK00001Luv54QAB,Sarah Barnes Residence,(02) 6233 3387,188 Beach Rd,Wollongong,New South Wales,2500,Wollongong,005gK00006sTIwDQAW,2026-08-17T07:54:00.000+0000,2026-08-24T15:31:06.000+0000,ABSORBED,001gK00001Luv5iQAB
001gK00001Luv5iQAB,Sarah Barnes Residence,(02) 7393 4627,188 Beach Rd,Wollongong,New South Wales,2500,Wollongong,005gK00006sTIwDQAW,2026-08-17T07:54:00.000+0000,2026-08-24T15:31:07.000+0000,SURVIVOR,
001gK00001Luv44QAB,Sienna Lewis Residence,(02) 4435 1465,166 Sunset Rd,Charlestown,New South Wales,2290,Newcastle,005gK00006sTIwDQAW,2026-08-17T07:54:00.000+0000,2026-08-24T15:30:44.000+0000,ABSORBED,001gK00001Luv4iQAB
001gK00001Luv5MQAR,Sienna Lewis Residence,(02) 6755 3945,166 Sunset Rd,Charlestown,New South Wales,2290,Newcastle,005gK00006sTIwDQAW,2026-08-17T07:54:00.000+0000,2026-08-24T15:30:44.000+0000,ABSORBED,001gK00001Luv4iQAB
001gK00001Luv60QAB,Sienna Lewis Residence,(02) 7915 5185,166 Sunset Rd,Charlestown,New South Wales,2290,Newcastle,005gK00006sTIwDQAW,2026-08-17T07:54:00.000+0000,2026-08-24T15:30:44.000+0000,ABSORBED,001gK00001Luv4iQAB
001gK00001Luv4iQAB,Sienna Lewis Residence,(02) 5595 2705,166 Sunset Rd,Charlestown,New South Wales,2290,Newcastle,005gK00006sTIwDQAW,2026-08-17T07:54:00.000+0000,2026-08-24T15:30:45.000+0000,SURVIVOR,
001gK00001Luv4mQAB,Sophie Wilson Residence,(02) 5711 2829,210 Kurrajong Dr,Wollongong,New South Wales,2500,Wollongong,005gK00006sTIwDQAW,2026-08-17T07:54:00.000+0000,2026-08-24T15:30:47.000+0000,ABSORBED,001gK00001Luv48QAB
001gK00001Luv5QQAR,Sophie Wilson Residence,(02) 6871 4069,210 Kurrajong Dr,Wollongong,New South Wales,2500,Wollongong,005gK00006sTIwDQAW,2026-08-17T07:54:00.000+0000,2026-08-24T15:30:47.000+0000,ABSORBED,001gK00001Luv48QAB
001gK00001Luv64QAB,Sophie Wilson Residence,(02) 8031 5309,210 Kurrajong Dr,Wollongong,New South Wales,2500,Wollongong,005gK00006sTIwDQAW,2026-08-17T07:54:00.000+0000,2026-08-24T15:30:47.000+0000,ABSORBED,001gK00001Luv48QAB
001gK00001Luv48QAB,Sophie Wilson Residence,(02) 4551 1589,210 Kurrajong Dr,Wollongong,New South Wales,2500,Wollongong,005gK00006sTIwDQAW,2026-08-17T07:54:00.000+0000,2026-08-24T15:30:49.000+0000,SURVIVOR,
001gK00001Luv4XQAR,Thomas Hughes Residence,(02) 5276 2364,45 Kurrajong Dr,Ryde,New South Wales,2112,Sydney,005gK00006sTIwDQAW,2026-08-17T07:54:00.000+0000,2026-08-24T15:30:35.000+0000,ABSORBED,001gK00001Luv3tQAB
001gK00001Luv5BQAR,Thomas Hughes Residence,(02) 6436 3604,45 Kurrajong Dr,Parramatta,New South Wales,2150,Sydney,005gK00006sTIwDQAW,2026-08-17T07:54:00.000+0000,2026-08-24T15:30:35.000+0000,ABSORBED,001gK00001Luv3tQAB
001gK00001Luv5pQAB,Thomas Hughes Residence,(02) 7596 4844,45 Kurrajong Dr,Castle Hill,New South Wales,2154,Sydney,005gK00006sTIwDQAW,2026-08-17T07:54:00.000+0000,2026-08-24T15:30:36.000+0000,ABSORBED,001gK00001Luv3tQAB
001gK00001Luv6JQAR,Thomas Hughes Residence,0241161124,45 Kurrajong Dr,Castle Hill,New South Wales,2154,Sydney,005gK00006sTIwDQAW,2026-08-17T07:54:04.000+0000,2026-08-24T15:30:36.000+0000,ABSORBED,001gK00001Luv3tQAB
001gK00001Luv6xQAB,Thomas Hughes Residence,0252762364,45 Kurrajong Dr,Ryde,New South Wales,2112,Sydney,005gK00006sTIwDQAW,2026-08-17T07:54:04.000+0000,2026-08-24T15:30:36.000+0000,ABSORBED,001gK00001Luv3tQAB
001gK00001Luv7bQAB,Thomas Hughes Residence,0264363604,45 Kurrajong Dr,Parramatta,New South Wales,2150,Sydney,005gK00006sTIwDQAW,2026-08-17T07:54:04.000+0000,2026-08-24T15:30:36.000+0000,ABSORBED,001gK00001Luv3tQAB
001gK00001Luv8FQAR,Thomas Hughes Residence,0241161124,45 Kurrajong Dr,Castle Hill,New South Wales,2154,Sydney,005gK00006sTIwDQAW,2026-08-17T07:54:04.000+0000,2026-08-24T15:30:36.000+0000,ABSORBED,001gK00001Luv3tQAB
001gK00001Luv3tQAB,Thomas Hughes Residence,(02) 4116 1124,45 Kurrajong Dr,Castle Hill,New South Wales,2154,Sydney,005gK00006sTIwDQAW,2026-08-17T07:54:00.000+0000,2026-08-24T15:30:36.000+0000,SURVIVOR,
001gK00001Luv77QAB,William J. Kowalski Residence,0410427626,155 Kurrajong Dr,Maitland,New South Wales,2320,Newcastle,005gK00006sTIwDQAW,2026-08-17T07:54:04.000+0000,2026-08-24T15:31:15.000+0000,ABSORBED,001gK00001Luv6TQAR
001gK00001Luv7lQAB,William J. Kowalski Residence,0410744386,155 Kurrajong Dr,Maitland,New South Wales,2320,Newcastle,005gK00006sTIwDQAW,2026-08-17T07:54:04.000+0000,2026-08-24T15:31:15.000+0000,ABSORBED,001gK00001Luv6TQAR
001gK00001Luv8PQAR,William J. Kowalski Residence,0411061146,155 Kurrajong Dr,Maitland,New South Wales,2320,Newcastle,005gK00006sTIwDQAW,2026-08-17T07:54:04.000+0000,2026-08-24T15:31:15.000+0000,ABSORBED,001gK00001Luv6TQAR
001gK00001Luv6TQAR,William J. Kowalski Residence,0410110866,155 Kurrajong Dr,Maitland,New South Wales,2320,Newcastle,005gK00006sTIwDQAW,2026-08-17T07:54:04.000+0000,2026-08-24T15:31:15.000+0000,SURVIVOR,
001gK00001Luv4hQAB,William Kowalski Residence,(02) 5566 2674,155 Kurrajong Dr,Maitland,New South Wales,2320,Newcastle,005gK00006sTIwDQAW,2026-08-17T07:54:00.000+0000,2026-08-24T15:30:43.000+0000,ABSORBED,001gK00001Luv43QAB
001gK00001Luv5LQAR,William Kowalski Residence,(02) 6726 3914,155 Kurrajong Dr,Maitland,New South Wales,2320,Newcastle,005gK00006sTIwDQAW,2026-08-17T07:54:00.000+0000,2026-08-24T15:30:43.000+0000,ABSORBED,001gK00001Luv43QAB
001gK00001Luv5zQAB,William Kowalski Residence,(02) 7886 5154,155 Kurrajong Dr,Maitland,New South Wales,2320,Newcastle,005gK00006sTIwDQAW,2026-08-17T07:54:00.000+0000,2026-08-24T15:30:44.000+0000,ABSORBED,001gK00001Luv43QAB
001gK00001Luv43QAB,William Kowalski Residence,(02) 4406 1434,155 Kurrajong Dr,Maitland,New South Wales,2320,Newcastle,005gK00006sTIwDQAW,2026-08-17T07:54:00.000+0000,2026-08-24T15:30:44.000+0000,SURVIVOR,
001gK00001Luv6QQAR,ZOE FOSTER RESIDENCE,,122 RAILWAY PDE,Warners Bay,New South Wales,2282,Newcastle,005gK00006sTIwDQAW,2026-08-17T07:54:04.000+0000,2026-08-24T15:30:42.000+0000,ABSORBED,001gK00001Luv40QAB
001gK00001Luv74QAB,ZOE FOSTER RESIDENCE,,122 RAILWAY PDE,Warners Bay,New South Wales,2282,Newcastle,005gK00006sTIwDQAW,2026-08-17T07:54:04.000+0000,2026-08-24T15:30:42.000+0000,ABSORBED,001gK00001Luv40QAB
001gK00001Luv7iQAB,ZOE FOSTER RESIDENCE,,122 RAILWAY PDE,Warners Bay,New South Wales,2282,Newcastle,005gK00006sTIwDQAW,2026-08-17T07:54:04.000+0000,2026-08-24T15:30:42.000+0000,ABSORBED,001gK00001Luv40QAB
001gK00001Luv8MQAR,ZOE FOSTER RESIDENCE,,122 RAILWAY PDE,Warners Bay,New South Wales,2282,Newcastle,005gK00006sTIwDQAW,2026-08-17T07:54:04.000+0000,2026-08-24T15:30:42.000+0000,ABSORBED,001gK00001Luv40QAB
001gK00001Luv4eQAB,Zoe Foster Residence,(02) 5479 2581,122 Railway Pde,Warners Bay,New South Wales,2282,Newcastle,005gK00006sTIwDQAW,2026-08-17T07:54:00.000+0000,2026-08-24T15:30:41.000+0000,ABSORBED,001gK00001Luv40QAB
001gK00001Luv5IQAR,Zoe Foster Residence,(02) 6639 3821,122 Railway Pde,Warners Bay,New South Wales,2282,Newcastle,005gK00006sTIwDQAW,2026-08-17T07:54:00.000+0000,2026-08-24T15:30:41.000+0000,ABSORBED,001gK00001Luv40QAB
001gK00001Luv5wQAB,Zoe Foster Residence,(02) 7799 5061,122 Railway Pde,Warners Bay,New South Wales,2282,Newcastle,005gK00006sTIwDQAW,2026-08-17T07:54:00.000+0000,2026-08-24T15:30:42.000+0000,ABSORBED,001gK00001Luv40QAB
001gK00001Luv40QAB,Zoe Foster Residence,(02) 4319 1341,122 Railway Pde,Warners Bay,New South Wales,2282,Newcastle,005gK00006sTIwDQAW,2026-08-17T07:54:00.000+0000,2026-08-24T15:30:42.000+0000,SURVIVOR,
