Id,Name,Owner.Name,LastModifiedDate
006gK00000MlfzpQAB,Amelia Martin Residence - 13.2kW Rooftop Solar,Hemayet Hossain,2026-08-23T20:46:52.000+0000
006gK00000MmBUtQAN,Amelia Martin Residence - 13.2kW Rooftop Solar,Hemayet Hossain,2026-09-02T12:19:29.000+0000
006gK00000MlfzzQAB,Amelia Martin Residence - 13.2kW Rooftop Solar,Hemayet Hossain,2026-09-02T12:19:22.000+0000
006gK00000MmBUjQAN,Amelia Martin Residence - 13.2kW Rooftop Solar,Hemayet Hossain,2026-08-23T20:46:35.000+0000
006gK00000MmBCEQA3,Andrew Anderson Residence - 13.2kW Rooftop Solar,Hemayet Hossain,2026-09-02T12:19:27.000+0000
006gK00000MmB22QAF,Andrew Anderson Residence - 13.2kW Rooftop Solar,Hemayet Hossain,2026-08-24T06:22:29.000+0000
006gK00000MmBAsQAN,Andrew Anderson Residence - 13.2kW Rooftop Solar,Hemayet Hossain,2026-09-02T12:19:27.000+0000
006gK00000MmB5IQAV,Andrew Anderson Residence - 13.2kW Rooftop Solar,Hemayet Hossain,2026-09-02T12:19:25.000+0000
006gK00000MmB7MQAV,Andrew Anderson Residence - 13.2kW Rooftop Solar,Hemayet Hossain,2026-08-24T06:22:29.000+0000
006gK00000MmB3wQAF,Andrew Anderson Residence - 13.2kW Rooftop Solar,Hemayet Hossain,2026-09-02T12:19:24.000+0000
006gK00000MmBE8QAN,Andrew Anderson Residence - 13.2kW Rooftop Solar,Hemayet Hossain,2026-08-24T06:22:29.000+0000
006gK00000MmBDBQA3,Andrew Anderson Residence - 6.6kW Rooftop Solar,Hemayet Hossain,2026-09-02T12:19:28.000+0000
006gK00000MmB9vQAF,Andrew Anderson Residence - 6.6kW Rooftop Solar,Hemayet Hossain,2026-09-02T12:19:26.000+0000
006gK00000MmB5LQAV,Andrew Anderson Residence - 6.6kW Rooftop Solar,Hemayet Hossain,2026-09-02T12:19:25.000+0000
006gK00000MlfzoQAB,Andrew Anderson Residence - 6.6kW Rooftop Solar,Hemayet Hossain,2026-09-02T12:19:22.000+0000
006gK00000MmB2zQAF,Andrew Anderson Residence - 6.6kW Rooftop Solar,Hemayet Hossain,2026-09-02T12:19:23.000+0000
006gK00000MmBUiQAN,Andrew Anderson Residence - 6.6kW Rooftop Solar,Hemayet Hossain,2026-09-02T12:19:29.000+0000
006gK00000MmBCHQA3,Andrew Anderson Residence - 6.6kW Rooftop Solar,Hemayet Hossain,2026-09-02T12:19:27.000+0000
006gK00000MmBApQAN,Andrew Anderson Residence - 6.6kW Rooftop Solar,Hemayet Hossain,2026-09-02T12:19:27.000+0000
006gK00000MmB6FQAV,Andrew Anderson Residence - 6.6kW Rooftop Solar,Hemayet Hossain,2026-09-02T12:19:25.000+0000
006gK00000MmBUsQAN,Andrew Anderson Residence - 6.6kW Rooftop Solar,Hemayet Hossain,2026-09-02T12:19:29.000+0000
006gK00000MmB3tQAF,Andrew Anderson Residence - 6.6kW Rooftop Solar,Hemayet Hossain,2026-09-02T12:19:24.000+0000
006gK00000MlfzyQAB,Andrew Anderson Residence - 6.6kW Rooftop Solar,Hemayet Hossain,2026-09-02T12:19:22.000+0000
006gK00000MmBV5QAN,Ava Mancini Residence - 13.2kW Rooftop Solar,Hemayet Hossain,2026-09-02T12:19:29.000+0000
006gK00000MmB7iQAF,Ava Mancini Residence - 13.2kW Rooftop Solar,Hemayet Hossain,2026-09-02T12:19:26.000+0000
006gK00000MmBAEQA3,Ava Mancini Residence - 13.2kW Rooftop Solar,Hemayet Hossain,2026-09-02T12:19:27.000+0000
006gK00000MmB3IQAV,Ava Mancini Residence - 13.2kW Rooftop Solar,Hemayet Hossain,2026-09-02T12:19:24.000+0000
006gK00000Mlg0LQAR,Ava Mancini Residence - 13.2kW Rooftop Solar,Hemayet Hossain,2026-08-23T21:34:12.000+0000
006gK00000MmBEUQA3,Ava Mancini Residence - 13.2kW Rooftop Solar,Hemayet Hossain,2026-09-02T12:19:29.000+0000
006gK00000MlfzDQAR,Ava Mancini Residence - 13.2kW Rooftop Solar,Hemayet Hossain,2026-09-02T12:19:22.000+0000
006gK00000MmB5CQAV,Ava Mancini Residence - 13.2kW Rooftop Solar,Hemayet Hossain,2026-08-23T21:34:12.000+0000
006gK00000MmBCaQAN,Ava Mancini Residence - 13.2kW Rooftop Solar,Hemayet Hossain,2026-08-23T21:34:12.000+0000
006gK00000MmBC8QAN,Ava Mancini Residence - 13.2kW Rooftop Solar,Hemayet Hossain,2026-08-23T21:34:12.000+0000
006gK00000MmB2OQAV,Ava Mancini Residence - 13.2kW Rooftop Solar,Hemayet Hossain,2026-09-02T12:19:23.000+0000
006gK00000MmB5eQAF,Ava Mancini Residence - 13.2kW Rooftop Solar,Hemayet Hossain,2026-08-23T21:34:12.000+0000
006gK00000Mlg0BQAR,Ava Mancini Residence - 13.2kW Rooftop Solar,Hemayet Hossain,2026-09-02T12:19:22.000+0000
006gK00000MmB69QAF,Ava Mancini Residence - 6.6kW Rooftop Solar,Hemayet Hossain,2026-09-02T12:19:25.000+0000
006gK00000MmBD5QAN,Ava Mancini Residence - 6.6kW Rooftop Solar,Hemayet Hossain,2026-09-02T12:19:28.000+0000
006gK00000MmBAHQA3,Ava Mancini Residence - 6.6kW Rooftop Solar,Hemayet Hossain,2026-09-02T12:19:27.000+0000
006gK00000MmB3LQAV,Ava Mancini Residence - 6.6kW Rooftop Solar,Hemayet Hossain,2026-09-02T12:19:24.000+0000
006gK00000MmBDXQA3,Ava Mancini Residence - 6.6kW Rooftop Solar,Hemayet Hossain,2026-09-02T12:19:28.000+0000
006gK00000MmB4FQAV,Ava Mancini Residence - 6.6kW Rooftop Solar,Hemayet Hossain,2026-09-02T12:19:25.000+0000
006gK00000MmB4hQAF,Ava Mancini Residence - 6.6kW Rooftop Solar,Hemayet Hossain,2026-09-02T12:19:25.000+0000
006gK00000MmBBdQAN,Ava Mancini Residence - 6.6kW Rooftop Solar,Hemayet Hossain,2026-09-02T12:19:27.000+0000
006gK00000MmBBBQA3,Ava Mancini Residence - 6.6kW Rooftop Solar,Hemayet Hossain,2026-09-02T12:19:27.000+0000
006gK00000MmB6lQAF,Ava Mancini Residence - 6.6kW Rooftop Solar,Hemayet Hossain,2026-09-02T12:19:25.000+0000
006gK00000MmBERQA3,Ava Mancini Residence - 6.6kW Rooftop Solar,Hemayet Hossain,2026-09-02T12:19:29.000+0000
006gK00000MmB1RQAV,Ava Mancini Residence - 6.6kW Rooftop Solar,Hemayet Hossain,2026-09-02T12:19:23.000+0000
006gK00000MmB6bQAF,Ava Mancini Residence - 6.6kW Rooftop Solar,Hemayet Hossain,2026-09-02T12:19:25.000+0000
006gK00000MmBAWQA3,Benjamin Walker Residence - 13.2kW Rooftop Solar,Hemayet Hossain,2026-08-24T15:30:39.000+0000
006gK00000MmB1gQAF,Benjamin Walker Residence - 13.2kW Rooftop Solar,Hemayet Hossain,2026-09-02T12:19:23.000+0000
006gK00000MmB70QAF,Benjamin Walker Residence - 13.2kW Rooftop Solar,Hemayet Hossain,2026-09-02T12:19:26.000+0000
006gK00000MmB3aQAF,Benjamin Walker Residence - 13.2kW Rooftop Solar,Hemayet Hossain,2026-08-24T15:30:39.000+0000
006gK00000MmBDmQAN,Benjamin Walker Residence - 13.2kW Rooftop Solar,Hemayet Hossain,2026-09-02T12:19:28.000+0000
006gK00000MmBCsQAN,Benjamin Walker Residence - 13.2kW Rooftop Solar,Hemayet Hossain,2026-09-02T12:19:28.000+0000
006gK00000MmB42QAF,Benjamin Walker Residence - 13.2kW Rooftop Solar,Hemayet Hossain,2026-08-24T15:30:39.000+0000
006gK00000MmB5wQAF,Benjamin Walker Residence - 13.2kW Rooftop Solar,Hemayet Hossain,2026-09-02T12:19:25.000+0000
006gK00000MmBAyQAN,Benjamin Walker Residence - 13.2kW Rooftop Solar,Hemayet Hossain,2026-08-24T15:30:39.000+0000
006gK00000MmB9ZQAV,Benjamin Walker Residence - 6.6kW Rooftop Solar,Hemayet Hossain,2026-09-02T12:19:26.000+0000
006gK00000MmBCpQAN,Benjamin Walker Residence - 6.6kW Rooftop Solar,Hemayet Hossain,2026-09-02T12:19:28.000+0000
006gK00000MmB35QAF,Benjamin Walker Residence - 6.6kW Rooftop Solar,Hemayet Hossain,2026-09-02T12:19:23.000+0000
006gK00000MmB73QAF,Benjamin Walker Residence - 6.6kW Rooftop Solar,Hemayet Hossain,2026-09-02T12:19:26.000+0000
006gK00000MlfziQAB,Benjamin Walker Residence - 6.6kW Rooftop Solar,Hemayet Hossain,2026-09-02T12:19:22.000+0000
006gK00000MlfzsQAB,Benjamin Walker Residence - 6.6kW Rooftop Solar,Hemayet Hossain,2026-09-02T12:19:22.000+0000
006gK00000MmBA1QAN,Benjamin Walker Residence - 6.6kW Rooftop Solar,Hemayet Hossain,2026-09-02T12:19:27.000+0000
006gK00000MmBUcQAN,Benjamin Walker Residence - 6.6kW Rooftop Solar,Hemayet Hossain,2026-09-02T12:19:29.000+0000
006gK00000MmBUSQA3,Benjamin Walker Residence - 6.6kW Rooftop Solar,Hemayet Hossain,2026-09-02T12:19:29.000+0000
006gK00000MmB5tQAF,Benjamin Walker Residence - 6.6kW Rooftop Solar,Hemayet Hossain,2026-09-02T12:19:25.000+0000
006gK00000MmBEjQAN,Benjamin Walker Residence - 6.6kW Rooftop Solar,Hemayet Hossain,2026-09-02T12:19:29.000+0000
006gK00000MmB1jQAF,Benjamin Walker Residence - 6.6kW Rooftop Solar,Hemayet Hossain,2026-09-02T12:19:23.000+0000
006gK00000MmB4zQAF,Benjamin Walker Residence - 6.6kW Rooftop Solar,Hemayet Hossain,2026-09-02T12:19:25.000+0000
006gK00000MmBBTQA3,Benjamin Walker Residence - 6.6kW Rooftop Solar,Hemayet Hossain,2026-09-02T12:19:27.000+0000
006gK00000MmB4XQAV,Benjamin Walker Residence - 6.6kW Rooftop Solar,Hemayet Hossain,2026-09-02T12:19:25.000+0000
006gK00000MmBBvQAN,Benjamin Walker Residence - 6.6kW Rooftop Solar,Hemayet Hossain,2026-09-02T12:19:27.000+0000
006gK00000MmB2dQAF,Benjamin Walker Residence - 6.6kW Rooftop Solar,Hemayet Hossain,2026-09-02T12:19:23.000+0000
006gK00000MlfzfQAB,Charlotte King Residence - 13.2kW Rooftop Solar,Hemayet Hossain,2026-09-02T12:19:22.000+0000
006gK00000MmB4MQAV,Charlotte King Residence - 13.2kW Rooftop Solar,Hemayet Hossain,2026-08-17T07:54:12.000+0000
006gK00000MlfzVQAR,Charlotte King Residence - 13.2kW Rooftop Solar,Hemayet Hossain,2026-08-24T06:36:01.000+0000
006gK00000MmBBIQA3,Charlotte King Residence - 13.2kW Rooftop Solar,Hemayet Hossain,2026-08-17T07:54:13.000+0000
006gK00000MmB20QAF,Charlotte King Residence - 13.2kW Rooftop Solar,Hemayet Hossain,2026-09-02T12:19:23.000+0000
006gK00000MmB7KQAV,Charlotte King Residence - 13.2kW Rooftop Solar,Hemayet Hossain,2026-09-02T12:19:26.000+0000
006gK00000MmBE6QAN,Charlotte King Residence - 13.2kW Rooftop Solar,Hemayet Hossain,2026-09-02T12:19:28.000+0000
006gK00000MmBUZQA3,Charlotte King Residence - 13.2kW Rooftop Solar,Hemayet Hossain,2026-09-02T12:19:29.000+0000
006gK00000MmBUPQA3,Charlotte King Residence - 13.2kW Rooftop Solar,Hemayet Hossain,2026-08-24T15:30:58.000+0000
006gK00000MmBCCQA3,Charlotte King Residence - 13.2kW Rooftop Solar,Hemayet Hossain,2026-08-24T15:30:58.000+0000
006gK00000MmB5GQAV,Charlotte King Residence - 13.2kW Rooftop Solar,Hemayet Hossain,2026-08-24T15:30:58.000+0000
006gK00000MmBD9QAN,Charlotte King Residence - 6.6kW Rooftop Solar,Hemayet Hossain,2026-09-02T12:19:28.000+0000
006gK00000MmB2xQAF,Charlotte King Residence - 6.6kW Rooftop Solar,Hemayet Hossain,2026-09-02T12:19:23.000+0000
006gK00000MmBBFQA3,Charlotte King Residence - 6.6kW Rooftop Solar,Hemayet Hossain,2026-09-02T12:19:27.000+0000
006gK00000MmB4JQAV,Charlotte King Residence - 6.6kW Rooftop Solar,Hemayet Hossain,2026-09-02T12:19:25.000+0000
006gK00000MmBE3QAN,Charlotte King Residence - 6.6kW Rooftop Solar,Hemayet Hossain,2026-09-02T12:19:28.000+0000
006gK00000MmB6DQAV,Charlotte King Residence - 6.6kW Rooftop Solar,Hemayet Hossain,2026-09-02T12:19:25.000+0000
006gK00000MmB3PQAV,Charlotte King Residence - 6.6kW Rooftop Solar,Hemayet Hossain,2026-09-02T12:19:24.000+0000
006gK00000MmB9tQAF,Charlotte King Residence - 6.6kW Rooftop Solar,Hemayet Hossain,2026-09-02T12:19:26.000+0000
006gK00000MmBALQA3,Charlotte King Residence - 6.6kW Rooftop Solar,Hemayet Hossain,2026-09-02T12:19:27.000+0000
006gK00000MlfzdQAB,Chloe Robinson Residence - 13.2kW Rooftop Solar,Hemayet Hossain,2026-08-24T06:39:08.000+0000
006gK00000MmBUNQA3,Chloe Robinson Residence - 13.2kW Rooftop Solar,Hemayet Hossain,2026-09-02T12:19:29.000+0000
006gK00000MlfzTQAR,Chloe Robinson Residence - 13.2kW Rooftop Solar,Hemayet Hossain,2026-09-02T12:19:22.000+0000
006gK00000MmBUXQA3,Chloe Robinson Residence - 13.2kW Rooftop Solar,Hemayet Hossain,2026-08-24T06:38:47.000+0000
006gK00000MmB7cQAF,Daniel Clark Residence - 13.2kW Rooftop Solar,Hemayet Hossain,2026-08-24T06:41:21.000+0000
006gK00000MmBDUQA3,Daniel Clark Residence - 13.2kW Rooftop Solar,Hemayet Hossain,2026-08-17T07:54:14.000+0000
006gK00000MmB6iQAF,Daniel Clark Residence - 13.2kW Rooftop Solar,Hemayet Hossain,2026-08-24T15:30:50.000+0000
006gK00000MmBEqQAN,Daniel Clark Residence - 13.2kW Rooftop Solar,Hemayet Hossain,2026-08-24T06:41:21.000+0000
006gK00000MmBBaQAN,Daniel Clark Residence - 13.2kW Rooftop Solar,Hemayet Hossain,2026-09-02T12:19:27.000+0000
006gK00000MmB6YQAV,Daniel Clark Residence - 13.2kW Rooftop Solar,Hemayet Hossain,2026-08-17T07:54:12.000+0000
006gK00000MmB4eQAF,Daniel Clark Residence - 13.2kW Rooftop Solar,Hemayet Hossain,2026-09-02T12:19:25.000+0000
006gK00000MmB1OQAV,Daniel Clark Residence - 13.2kW Rooftop Solar,Hemayet Hossain,2026-08-24T15:30:50.000+0000
006gK00000MmB2IQAV,Daniel Clark Residence - 13.2kW Rooftop Solar,Hemayet Hossain,2026-08-24T06:41:21.000+0000
006gK00000MmBEOQA3,Daniel Clark Residence - 13.2kW Rooftop Solar,Hemayet Hossain,2026-08-24T15:30:50.000+0000
006gK00000MmBUeQAN,Daniel Clark Residence - 6.6kW Rooftop Solar,Hemayet Hossain,2026-09-02T12:19:29.000+0000
006gK00000MmB2LQAV,Daniel Clark Residence - 6.6kW Rooftop Solar,Hemayet Hossain,2026-09-02T12:19:23.000+0000
006gK00000MmB6VQAV,Daniel Clark Residence - 6.6kW Rooftop Solar,Hemayet Hossain,2026-09-02T12:19:25.000+0000
006gK00000MmBAdQAN,Daniel Clark Residence - 6.6kW Rooftop Solar,Hemayet Hossain,2026-09-02T12:19:27.000+0000
006gK00000MmB7fQAF,Daniel Clark Residence - 6.6kW Rooftop Solar,Hemayet Hossain,2026-09-02T12:19:26.000+0000
006gK00000MmB5bQAF,Daniel Clark Residence - 6.6kW Rooftop Solar,Hemayet Hossain,2026-09-02T12:19:25.000+0000
006gK00000MmB3hQAF,Daniel Clark Residence - 6.6kW Rooftop Solar,Hemayet Hossain,2026-09-02T12:19:24.000+0000
006gK00000MlfzuQAB,Daniel Clark Residence - 6.6kW Rooftop Solar,Hemayet Hossain,2026-09-02T12:19:22.000+0000
006gK00000MmBUUQA3,Daniel Clark Residence - 6.6kW Rooftop Solar,Hemayet Hossain,2026-09-02T12:19:29.000+0000
006gK00000MmB3FQAV,Daniel Clark Residence - 6.6kW Rooftop Solar,Hemayet Hossain,2026-09-02T12:19:24.000+0000
006gK00000MlfzkQAB,Daniel Clark Residence - 6.6kW Rooftop Solar,Hemayet Hossain,2026-09-02T12:19:22.000+0000
006gK00000MmBDRQA3,Daniel Clark Residence - 6.6kW Rooftop Solar,Hemayet Hossain,2026-09-02T12:19:28.000+0000
006gK00000MmBABQA3,Daniel Clark Residence - 6.6kW Rooftop Solar,Hemayet Hossain,2026-09-02T12:19:27.000+0000
006gK00000MmBCXQA3,Daniel Clark Residence - 6.6kW Rooftop Solar,Hemayet Hossain,2026-09-02T12:19:28.000+0000
006gK00000MmBDYQA3,David Doyle Residence - 13.2kW Rooftop Solar,Hemayet Hossain,2026-08-24T15:30:58.000+0000
006gK00000MmBAIQA3,David Doyle Residence - 13.2kW Rooftop Solar,Hemayet Hossain,2026-09-02T12:19:27.000+0000
006gK00000MmB6cQAF,David Doyle Residence - 13.2kW Rooftop Solar,Hemayet Hossain,2026-08-24T15:30:58.000+0000
006gK00000MmB4GQAV,David Doyle Residence - 13.2kW Rooftop Solar,Hemayet Hossain,2026-09-02T12:19:25.000+0000
006gK00000MmBBCQA3,David Doyle Residence - 13.2kW Rooftop Solar,Hemayet Hossain,2026-09-02T12:19:27.000+0000
006gK00000MmBD6QAN,David Doyle Residence - 13.2kW Rooftop Solar,Hemayet Hossain,2026-08-17T07:54:14.000+0000
006gK00000MmB6AQAV,David Doyle Residence - 13.2kW Rooftop Solar,Hemayet Hossain,2026-08-17T07:54:12.000+0000
006gK00000MmB1SQAV,David Doyle Residence - 13.2kW Rooftop Solar,Hemayet Hossain,2026-08-24T06:47:27.000+0000
006gK00000MmB6mQAF,David Doyle Residence - 13.2kW Rooftop Solar,Hemayet Hossain,2026-08-24T06:47:27.000+0000
006gK00000MmB3MQAV,David Doyle Residence - 13.2kW Rooftop Solar,Hemayet Hossain,2026-09-02T12:19:24.000+0000
006gK00000MmBESQA3,David Doyle Residence - 13.2kW Rooftop Solar,Hemayet Hossain,2026-08-24T06:45:47.000+0000
006gK00000MmB2PQAV,David Doyle Residence - 6.6kW Rooftop Solar,Hemayet Hossain,2026-09-02T12:19:23.000+0000
006gK00000Mlg0CQAR,David Doyle Residence - 6.6kW Rooftop Solar,Hemayet Hossain,2026-09-02T12:19:22.000+0000
006gK00000MmBAFQA3,David Doyle Residence - 6.6kW Rooftop Solar,Hemayet Hossain,2026-09-02T12:19:27.000+0000
006gK00000Mlg0MQAR,David Doyle Residence - 6.6kW Rooftop Solar,Hemayet Hossain,2026-09-02T12:19:23.000+0000
006gK00000MmB7jQAF,David Doyle Residence - 6.6kW Rooftop Solar,Hemayet Hossain,2026-09-02T12:19:26.000+0000
006gK00000MmBEVQA3,David Doyle Residence - 6.6kW Rooftop Solar,Hemayet Hossain,2026-09-02T12:19:29.000+0000
006gK00000MmB5DQAV,David Doyle Residence - 6.6kW Rooftop Solar,Hemayet Hossain,2026-09-02T12:19:25.000+0000
006gK00000MmB3JQAV,David Doyle Residence - 6.6kW Rooftop Solar,Hemayet Hossain,2026-09-02T12:19:24.000+0000
006gK00000MmBC9QAN,David Doyle Residence - 6.6kW Rooftop Solar,Hemayet Hossain,2026-09-02T12:19:27.000+0000
006gK00000MmBV6QAN,David Doyle Residence - 6.6kW Rooftop Solar,Hemayet Hossain,2026-09-02T12:19:29.000+0000
006gK00000MmB7HQAV,David Doyle Residence - 6.6kW Rooftop Solar,Hemayet Hossain,2026-09-02T12:19:26.000+0000
006gK00000MlfzEQAR,David Doyle Residence - 6.6kW Rooftop Solar,Hemayet Hossain,2026-09-02T12:19:22.000+0000
006gK00000MmBCbQAN,David Doyle Residence - 6.6kW Rooftop Solar,Hemayet Hossain,2026-09-02T12:19:28.000+0000
006gK00000MmB1xQAF,David Doyle Residence - 6.6kW Rooftop Solar,Hemayet Hossain,2026-09-02T12:19:23.000+0000
006gK00000MmB5fQAF,David Doyle Residence - 6.6kW Rooftop Solar,Hemayet Hossain,2026-09-02T12:19:25.000+0000
006gK00000MmB2kQAF,Ella Ahmed Residence - 13.2kW Rooftop Solar,Hemayet Hossain,2026-08-17T07:54:12.000+0000
006gK00000Mlg0RQAR,Ella Ahmed Residence - 13.2kW Rooftop Solar,Hemayet Hossain,2026-09-02T12:19:23.000+0000
006gK00000Mlg0bQAB,Ella Ahmed Residence - 13.2kW Rooftop Solar,Hemayet Hossain,2026-08-17T07:54:20.000+0000
006gK00000MmBAaQAN,Ella Ahmed Residence - 13.2kW Rooftop Solar,Hemayet Hossain,2026-08-24T15:30:50.000+0000
006gK00000MmB5YQAV,Ella Ahmed Residence - 13.2kW Rooftop Solar,Hemayet Hossain,2026-09-02T12:19:25.000+0000
006gK00000MmB3eQAF,Ella Ahmed Residence - 13.2kW Rooftop Solar,Hemayet Hossain,2026-08-24T15:30:50.000+0000
006gK00000MmB9gQAF,Ella Ahmed Residence - 13.2kW Rooftop Solar,Hemayet Hossain,2026-08-17T07:54:13.000+0000
006gK00000MlfzJQAR,Ella Ahmed Residence - 13.2kW Rooftop Solar,Hemayet Hossain,2026-08-24T15:30:50.000+0000
006gK00000MmBDqQAN,Ella Ahmed Residence - 13.2kW Rooftop Solar,Hemayet Hossain,2026-09-02T12:19:28.000+0000
006gK00000MmBCUQA3,Ella Ahmed Residence - 13.2kW Rooftop Solar,Hemayet Hossain,2026-09-02T12:19:28.000+0000
006gK00000MmBVBQA3,Ella Ahmed Residence - 13.2kW Rooftop Solar,Hemayet Hossain,2026-08-24T15:30:50.000+0000
006gK00000MmBEnQAN,Ella Ahmed Residence - 6.6kW Rooftop Solar,Hemayet Hossain,2026-09-02T12:19:29.000+0000
006gK00000MmB6fQAF,Ella Ahmed Residence - 6.6kW Rooftop Solar,Hemayet Hossain,2026-09-02T12:19:25.000+0000
006gK00000MmB5VQAV,Ella Ahmed Residence - 6.6kW Rooftop Solar,Hemayet Hossain,2026-09-02T12:19:25.000+0000
006gK00000MmBCRQA3,Ella Ahmed Residence - 6.6kW Rooftop Solar,Hemayet Hossain,2026-09-02T12:19:28.000+0000
006gK00000MmB9dQAF,Ella Ahmed Residence - 6.6kW Rooftop Solar,Hemayet Hossain,2026-09-02T12:19:26.000+0000
006gK00000MmB1LQAV,Ella Ahmed Residence - 6.6kW Rooftop Solar,Hemayet Hossain,2026-09-02T12:19:23.000+0000
006gK00000MmB1nQAF,Ella Ahmed Residence - 6.6kW Rooftop Solar,Hemayet Hossain,2026-09-02T12:19:23.000+0000
006gK00000MmB4bQAF,Ella Ahmed Residence - 6.6kW Rooftop Solar,Hemayet Hossain,2026-09-02T12:19:25.000+0000
006gK00000MmBDtQAN,Ella Ahmed Residence - 6.6kW Rooftop Solar,Hemayet Hossain,2026-09-02T12:19:28.000+0000
006gK00000MmB2hQAF,Ella Ahmed Residence - 6.6kW Rooftop Solar,Hemayet Hossain,2026-09-02T12:19:23.000+0000
006gK00000MmBBXQA3,Ella Ahmed Residence - 6.6kW Rooftop Solar,Hemayet Hossain,2026-09-02T12:19:27.000+0000
006gK00000MmB77QAF,Ella Ahmed Residence - 6.6kW Rooftop Solar,Hemayet Hossain,2026-09-02T12:19:26.000+0000
006gK00000MmBUvQAN,Emma Jones Residence - 13.2kW Rooftop Solar,Hemayet Hossain,2026-08-17T07:54:20.000+0000
006gK00000MmBUlQAN,Emma Jones Residence - 13.2kW Rooftop Solar,Hemayet Hossain,2026-09-02T12:19:29.000+0000
006gK00000Mlg01QAB,Emma Jones Residence - 13.2kW Rooftop Solar,Hemayet Hossain,2026-08-24T15:31:01.000+0000
006gK00000MmB9aQAF,Ethan Lee Residence - 13.2kW Rooftop Solar,Hemayet Hossain,2026-09-02T12:19:26.000+0000
006gK00000MmB1kQAF,Ethan Lee Residence - 13.2kW Rooftop Solar,Hemayet Hossain,2026-09-02T12:19:23.000+0000
006gK00000MmBCqQAN,Ethan Lee Residence - 13.2kW Rooftop Solar,Hemayet Hossain,2026-08-24T15:30:51.000+0000
006gK00000MmBBwQAN,Ethan Lee Residence - 13.2kW Rooftop Solar,Hemayet Hossain,2026-08-17T07:54:13.000+0000
006gK00000MmBBUQA3,Ethan Lee Residence - 13.2kW Rooftop Solar,Hemayet Hossain,2026-08-24T15:30:51.000+0000
006gK00000MmB5uQAF,Ethan Lee Residence - 13.2kW Rooftop Solar,Hemayet Hossain,2026-08-24T15:30:51.000+0000
006gK00000MmBEkQAN,Ethan Lee Residence - 13.2kW Rooftop Solar,Hemayet Hossain,2026-09-02T12:19:29.000+0000
006gK00000MmB4YQAV,Ethan Lee Residence - 13.2kW Rooftop Solar,Hemayet Hossain,2026-08-24T15:30:51.000+0000
006gK00000MmB74QAF,Ethan Lee Residence - 13.2kW Rooftop Solar,Hemayet Hossain,2026-09-02T12:19:26.000+0000
006gK00000MmB50QAF,Ethan Lee Residence - 13.2kW Rooftop Solar,Hemayet Hossain,2026-08-17T07:54:12.000+0000
006gK00000MmB2eQAF,Ethan Lee Residence - 13.2kW Rooftop Solar,Hemayet Hossain,2026-09-02T12:19:23.000+0000
006gK00000Mlg00QAB,Ethan Lee Residence - 6.6kW Rooftop Solar,Hemayet Hossain,2026-09-02T12:19:22.000+0000
006gK00000MmBDnQAN,Ethan Lee Residence - 6.6kW Rooftop Solar,Hemayet Hossain,2026-09-02T12:19:28.000+0000
006gK00000MmB71QAF,Ethan Lee Residence - 6.6kW Rooftop Solar,Hemayet Hossain,2026-09-02T12:19:26.000+0000
006gK00000MmBUuQAN,Ethan Lee Residence - 6.6kW Rooftop Solar,Hemayet Hossain,2026-09-02T12:19:29.000+0000
006gK00000MmBCtQAN,Ethan Lee Residence - 6.6kW Rooftop Solar,Hemayet Hossain,2026-09-02T12:19:28.000+0000
006gK00000MmB1hQAF,Ethan Lee Residence - 6.6kW Rooftop Solar,Hemayet Hossain,2026-09-02T12:19:23.000+0000
006gK00000MmBUkQAN,Ethan Lee Residence - 6.6kW Rooftop Solar,Hemayet Hossain,2026-09-02T12:19:29.000+0000
006gK00000MmBAzQAN,Ethan Lee Residence - 6.6kW Rooftop Solar,Hemayet Hossain,2026-09-02T12:19:27.000+0000
006gK00000MlfzqQAB,Ethan Lee Residence - 6.6kW Rooftop Solar,Hemayet Hossain,2026-09-02T12:19:22.000+0000
006gK00000MmB43QAF,Ethan Lee Residence - 6.6kW Rooftop Solar,Hemayet Hossain,2026-09-02T12:19:25.000+0000
006gK00000MmB5xQAF,Ethan Lee Residence - 6.6kW Rooftop Solar,Hemayet Hossain,2026-09-02T12:19:25.000+0000
006gK00000MmBAXQA3,Ethan Lee Residence - 6.6kW Rooftop Solar,Hemayet Hossain,2026-09-02T12:19:27.000+0000
006gK00000MmB3bQAF,Ethan Lee Residence - 6.6kW Rooftop Solar,Hemayet Hossain,2026-09-02T12:19:24.000+0000
006gK00000MmBV7QAN,Grace Whitfield Residence - 13.2kW Rooftop Solar,Hemayet Hossain,2026-08-24T15:31:04.000+0000
006gK00000MlfzFQAR,Grace Whitfield Residence - 13.2kW Rooftop Solar,Hemayet Hossain,2026-08-17T07:54:20.000+0000
006gK00000Mlg0NQAR,Grace Whitfield Residence - 13.2kW Rooftop Solar,Hemayet Hossain,2026-09-02T12:19:23.000+0000
006gK00000Mlg07QAB,Hannah Smith Residence - 13.2kW Rooftop Solar,Hemayet Hossain,2026-09-02T12:19:22.000+0000
006gK00000MmB7SQAV,Hannah Smith Residence - 13.2kW Rooftop Solar,Hemayet Hossain,2026-09-02T12:19:26.000+0000
006gK00000MmBV1QAN,Hannah Smith Residence - 13.2kW Rooftop Solar,Hemayet Hossain,2026-09-02T12:19:29.000+0000
006gK00000MmB9OQAV,Hannah Smith Residence - 13.2kW Rooftop Solar,Hemayet Hossain,2026-09-02T12:19:26.000+0000
006gK00000Mlg0HQAR,Hannah Smith Residence - 13.2kW Rooftop Solar,Hemayet Hossain,2026-08-17T07:54:20.000+0000
006gK00000MmB1UQAV,Hannah Smith Residence - 13.2kW Rooftop Solar,Hemayet Hossain,2026-09-02T12:19:23.000+0000
006gK00000MmBEYQA3,Hannah Smith Residence - 13.2kW Rooftop Solar,Hemayet Hossain,2026-09-02T12:19:29.000+0000
006gK00000MmB1oQAF,Hannah Smith Residence - 13.2kW Rooftop Solar,Hemayet Hossain,2026-09-02T12:19:23.000+0000
006gK00000MmBEEQA3,Hannah Smith Residence - 13.2kW Rooftop Solar,Hemayet Hossain,2026-09-02T12:19:28.000+0000
006gK00000MmB28QAF,Hannah Smith Residence - 13.2kW Rooftop Solar,Hemayet Hossain,2026-09-02T12:19:23.000+0000
006gK00000MmBDuQAN,Hannah Smith Residence - 13.2kW Rooftop Solar,Hemayet Hossain,2026-09-02T12:19:28.000+0000
006gK00000MmB2SQAV,Hannah Smith Residence - 13.2kW Rooftop Solar,Hemayet Hossain,2026-09-02T12:19:23.000+0000
006gK00000MmBDaQAN,Hannah Smith Residence - 13.2kW Rooftop Solar,Hemayet Hossain,2026-09-02T12:19:28.000+0000
006gK00000MmB2mQAF,Hannah Smith Residence - 13.2kW Rooftop Solar,Hemayet Hossain,2026-09-02T12:19:23.000+0000
006gK00000MmBDGQA3,Hannah Smith Residence - 13.2kW Rooftop Solar,Hemayet Hossain,2026-09-02T12:19:28.000+0000
006gK00000MmB36QAF,Hannah Smith Residence - 13.2kW Rooftop Solar,Hemayet Hossain,2026-09-02T12:19:23.000+0000
006gK00000MmBCwQAN,Hannah Smith Residence - 13.2kW Rooftop Solar,Hemayet Hossain,2026-09-02T12:19:28.000+0000
006gK00000MmB3QQAV,Hannah Smith Residence - 13.2kW Rooftop Solar,Hemayet Hossain,2026-09-02T12:19:24.000+0000
006gK00000MmBCcQAN,Hannah Smith Residence - 13.2kW Rooftop Solar,Hemayet Hossain,2026-09-02T12:19:28.000+0000
006gK00000MmB3kQAF,Hannah Smith Residence - 13.2kW Rooftop Solar,Hemayet Hossain,2026-09-02T12:19:24.000+0000
006gK00000MmBCIQA3,Hannah Smith Residence - 13.2kW Rooftop Solar,Hemayet Hossain,2026-09-02T12:19:27.000+0000
006gK00000MmB44QAF,Hannah Smith Residence - 13.2kW Rooftop Solar,Hemayet Hossain,2026-09-02T12:19:25.000+0000
006gK00000MmBByQAN,Hannah Smith Residence - 13.2kW Rooftop Solar,Hemayet Hossain,2026-09-02T12:19:27.000+0000
006gK00000MmB4OQAV,Hannah Smith Residence - 13.2kW Rooftop Solar,Hemayet Hossain,2026-09-02T12:19:25.000+0000
006gK00000MmB4iQAF,Hannah Smith Residence - 13.2kW Rooftop Solar,Hemayet Hossain,2026-09-02T12:19:25.000+0000
006gK00000MmBBeQAN,Hannah Smith Residence - 13.2kW Rooftop Solar,Hemayet Hossain,2026-09-02T12:19:27.000+0000
006gK00000MmB52QAF,Hannah Smith Residence - 13.2kW Rooftop Solar,Hemayet Hossain,2026-09-02T12:19:25.000+0000
006gK00000MmBBKQA3,Hannah Smith Residence - 13.2kW Rooftop Solar,Hemayet Hossain,2026-09-02T12:19:27.000+0000
006gK00000MmB5MQAV,Hannah Smith Residence - 13.2kW Rooftop Solar,Hemayet Hossain,2026-09-02T12:19:25.000+0000
006gK00000MmBB0QAN,Hannah Smith Residence - 13.2kW Rooftop Solar,Hemayet Hossain,2026-09-02T12:19:27.000+0000
006gK00000MmB5gQAF,Hannah Smith Residence - 13.2kW Rooftop Solar,Hemayet Hossain,2026-09-02T12:19:25.000+0000
006gK00000MmBAgQAN,Hannah Smith Residence - 13.2kW Rooftop Solar,Hemayet Hossain,2026-09-02T12:19:27.000+0000
006gK00000MmB60QAF,Hannah Smith Residence - 13.2kW Rooftop Solar,Hemayet Hossain,2026-09-02T12:19:25.000+0000
006gK00000MmBAMQA3,Hannah Smith Residence - 13.2kW Rooftop Solar,Hemayet Hossain,2026-09-02T12:19:27.000+0000
006gK00000MmB6KQAV,Hannah Smith Residence - 13.2kW Rooftop Solar,Hemayet Hossain,2026-09-02T12:19:25.000+0000
006gK00000MmBA2QAN,Hannah Smith Residence - 13.2kW Rooftop Solar,Hemayet Hossain,2026-09-02T12:19:27.000+0000
006gK00000MmB6oQAF,Hannah Smith Residence - 13.2kW Rooftop Solar,Hemayet Hossain,2026-09-02T12:19:25.000+0000
006gK00000MmB9iQAF,Hannah Smith Residence - 13.2kW Rooftop Solar,Hemayet Hossain,2026-09-02T12:19:26.000+0000
006gK00000MmB78QAF,Hannah Smith Residence - 13.2kW Rooftop Solar,Hemayet Hossain,2026-09-02T12:19:26.000+0000
006gK00000MmB9uQAF,Harper Thompson Residence - 13.2kW Rooftop Solar,Hemayet Hossain,2026-09-02T12:19:26.000+0000
006gK00000MmBCGQA3,Harper Thompson Residence - 13.2kW Rooftop Solar,Hemayet Hossain,2026-08-24T15:31:13.000+0000
006gK00000MlfznQAB,Harper Thompson Residence - 13.2kW Rooftop Solar,Hemayet Hossain,2026-09-02T12:19:22.000+0000
006gK00000MmB5KQAV,Harper Thompson Residence - 13.2kW Rooftop Solar,Hemayet Hossain,2026-08-24T15:31:13.000+0000
006gK00000MmB6EQAV,Harper Thompson Residence - 13.2kW Rooftop Solar,Hemayet Hossain,2026-08-24T15:31:13.000+0000
006gK00000MmBDAQA3,Harper Thompson Residence - 13.2kW Rooftop Solar,Hemayet Hossain,2026-08-24T15:31:13.000+0000
006gK00000MmB2yQAF,Harper Thompson Residence - 13.2kW Rooftop Solar,Hemayet Hossain,2026-09-02T12:19:23.000+0000
006gK00000MmBUhQAN,Harper Thompson Residence - 13.2kW Rooftop Solar,Hemayet Hossain,2026-09-02T12:19:29.000+0000
006gK00000MlfzxQAB,Harper Thompson Residence - 13.2kW Rooftop Solar,Hemayet Hossain,2026-08-17T07:54:20.000+0000
006gK00000MmBUrQAN,Harper Thompson Residence - 13.2kW Rooftop Solar,Hemayet Hossain,2026-08-24T15:31:13.000+0000
006gK00000MmBCDQA3,Harper Thompson Residence - 6.6kW Rooftop Solar,Hemayet Hossain,2026-09-02T12:19:27.000+0000
006gK00000MmB3vQAF,Harper Thompson Residence - 6.6kW Rooftop Solar,Hemayet Hossain,2026-09-02T12:19:24.000+0000
006gK00000MmB7LQAV,Harper Thompson Residence - 6.6kW Rooftop Solar,Hemayet Hossain,2026-09-02T12:19:26.000+0000
006gK00000MmB21QAF,Harper Thompson Residence - 6.6kW Rooftop Solar,Hemayet Hossain,2026-09-02T12:19:23.000+0000
006gK00000MmBArQAN,Harper Thompson Residence - 6.6kW Rooftop Solar,Hemayet Hossain,2026-09-02T12:19:27.000+0000
006gK00000MmB5HQAV,Harper Thompson Residence - 6.6kW Rooftop Solar,Hemayet Hossain,2026-09-02T12:19:25.000+0000
006gK00000MmBE7QAN,Harper Thompson Residence - 6.6kW Rooftop Solar,Hemayet Hossain,2026-09-02T12:19:28.000+0000
006gK00000MmBBJQA3,Harper Thompson Residence - 6.6kW Rooftop Solar,Hemayet Hossain,2026-09-02T12:19:27.000+0000
006gK00000MmB4NQAV,Harper Thompson Residence - 6.6kW Rooftop Solar,Hemayet Hossain,2026-09-02T12:19:25.000+0000
006gK00000MlfzhQAB,Isabella Hall Residence - 13.2kW Rooftop Solar,Hemayet Hossain,2026-08-24T15:31:10.000+0000
006gK00000MmBCoQAN,Isabella Hall Residence - 13.2kW Rooftop Solar,Hemayet Hossain,2026-09-02T12:19:28.000+0000
006gK00000MmB34QAF,Isabella Hall Residence - 13.2kW Rooftop Solar,Hemayet Hossain,2026-08-24T15:31:10.000+0000
006gK00000MmB72QAF,Isabella Hall Residence - 13.2kW Rooftop Solar,Hemayet Hossain,2026-08-24T15:31:10.000+0000
006gK00000MlfzrQAB,Isabella Hall Residence - 13.2kW Rooftop Solar,Hemayet Hossain,2026-09-02T12:19:22.000+0000
006gK00000MmB2cQAF,Isabella Hall Residence - 13.2kW Rooftop Solar,Hemayet Hossain,2026-08-24T15:31:10.000+0000
006gK00000MmBA0QAN,Isabella Hall Residence - 13.2kW Rooftop Solar,Hemayet Hossain,2026-08-24T15:31:10.000+0000
006gK00000MmBUbQAN,Isabella Hall Residence - 13.2kW Rooftop Solar,Hemayet Hossain,2026-08-17T07:54:20.000+0000
006gK00000MmBBuQAN,Isabella Hall Residence - 13.2kW Rooftop Solar,Hemayet Hossain,2026-09-02T12:19:27.000+0000
006gK00000MmBURQA3,Isabella Hall Residence - 13.2kW Rooftop Solar,Hemayet Hossain,2026-09-02T12:19:29.000+0000
006gK00000MmB5sQAF,Isabella Hall Residence - 13.2kW Rooftop Solar,Hemayet Hossain,2026-09-02T12:19:25.000+0000
006gK00000MmB9YQAV,Isabella Hall Residence - 13.2kW Rooftop Solar,Hemayet Hossain,2026-08-24T15:31:10.000+0000
006gK00000MmBEiQAN,Isabella Hall Residence - 13.2kW Rooftop Solar,Hemayet Hossain,2026-08-17T07:54:14.000+0000
006gK00000MmB4yQAF,Isabella Hall Residence - 13.2kW Rooftop Solar,Hemayet Hossain,2026-09-02T12:19:25.000+0000
006gK00000MmB1iQAF,Isabella Hall Residence - 13.2kW Rooftop Solar,Hemayet Hossain,2026-08-24T15:31:10.000+0000
006gK00000MmBAxQAN,Isabella Hall Residence - 6.6kW Rooftop Solar,Hemayet Hossain,2026-09-02T12:19:27.000+0000
006gK00000MmB5vQAF,Isabella Hall Residence - 6.6kW Rooftop Solar,Hemayet Hossain,2026-09-02T12:19:25.000+0000
006gK00000MmBAVQA3,Isabella Hall Residence - 6.6kW Rooftop Solar,Hemayet Hossain,2026-09-02T12:19:27.000+0000
006gK00000MmBCrQAN,Isabella Hall Residence - 6.6kW Rooftop Solar,Hemayet Hossain,2026-09-02T12:19:28.000+0000
006gK00000MmBEDQA3,Isabella Hall Residence - 6.6kW Rooftop Solar,Hemayet Hossain,2026-09-02T12:19:28.000+0000
006gK00000MmB6zQAF,Isabella Hall Residence - 6.6kW Rooftop Solar,Hemayet Hossain,2026-09-02T12:19:26.000+0000
006gK00000MmB1fQAF,Isabella Hall Residence - 6.6kW Rooftop Solar,Hemayet Hossain,2026-09-02T12:19:23.000+0000
006gK00000MmB3ZQAV,Isabella Hall Residence - 6.6kW Rooftop Solar,Hemayet Hossain,2026-09-02T12:19:24.000+0000
006gK00000MmB41QAF,Isabella Hall Residence - 6.6kW Rooftop Solar,Hemayet Hossain,2026-09-02T12:19:24.000+0000
006gK00000MmBDlQAN,Isabella Hall Residence - 6.6kW Rooftop Solar,Hemayet Hossain,2026-09-02T12:19:28.000+0000
006gK00000MlfzmQAB,Jack White Residence - 6.6kW Rooftop Solar,Hemayet Hossain,2026-09-02T12:19:22.000+0000
006gK00000MlfzwQAB,Jack White Residence - 6.6kW Rooftop Solar,Hemayet Hossain,2026-09-02T12:19:22.000+0000
006gK00000MmBUgQAN,Jack White Residence - 6.6kW Rooftop Solar,Hemayet Hossain,2026-09-02T12:19:29.000+0000
006gK00000MmBCuQAN,James Nguyen Residence - 13.2kW Rooftop Solar,Hemayet Hossain,2026-08-24T15:31:09.000+0000
006gK00000MmB5WQAV,James Nguyen Residence - 13.2kW Rooftop Solar,Hemayet Hossain,2026-08-24T15:31:09.000+0000
006gK00000MmB9eQAF,James Nguyen Residence - 13.2kW Rooftop Solar,Hemayet Hossain,2026-09-02T12:19:26.000+0000
006gK00000MmBDoQAN,James Nguyen Residence - 13.2kW Rooftop Solar,Hemayet Hossain,2026-08-24T15:31:09.000+0000
006gK00000MmBCSQA3,James Nguyen Residence - 13.2kW Rooftop Solar,Hemayet Hossain,2026-08-24T15:31:09.000+0000
006gK00000MmBAYQA3,James Nguyen Residence - 13.2kW Rooftop Solar,Hemayet Hossain,2026-09-02T12:19:27.000+0000
006gK00000MmB5yQAF,James Nguyen Residence - 13.2kW Rooftop Solar,Hemayet Hossain,2026-08-24T15:31:09.000+0000
006gK00000MmB3cQAF,James Nguyen Residence - 13.2kW Rooftop Solar,Hemayet Hossain,2026-09-02T12:19:24.000+0000
006gK00000MmB2iQAF,James Nguyen Residence - 13.2kW Rooftop Solar,Hemayet Hossain,2026-09-02T12:19:23.000+0000
006gK00000MmBDrQAN,James Nguyen Residence - 6.6kW Rooftop Solar,Hemayet Hossain,2026-09-02T12:19:28.000+0000
006gK00000MlfzAQAR,James Nguyen Residence - 6.6kW Rooftop Solar,Hemayet Hossain,2026-09-02T12:19:22.000+0000
006gK00000MmB4ZQAV,James Nguyen Residence - 6.6kW Rooftop Solar,Hemayet Hossain,2026-09-02T12:19:25.000+0000
006gK00000MmB2fQAF,James Nguyen Residence - 6.6kW Rooftop Solar,Hemayet Hossain,2026-09-02T12:19:23.000+0000
006gK00000MmBBxQAN,James Nguyen Residence - 6.6kW Rooftop Solar,Hemayet Hossain,2026-09-02T12:19:27.000+0000
006gK00000MmB1lQAF,James Nguyen Residence - 6.6kW Rooftop Solar,Hemayet Hossain,2026-09-02T12:19:23.000+0000
006gK00000MmB51QAF,James Nguyen Residence - 6.6kW Rooftop Solar,Hemayet Hossain,2026-09-02T12:19:25.000+0000
006gK00000MmBElQAN,James Nguyen Residence - 6.6kW Rooftop Solar,Hemayet Hossain,2026-09-02T12:19:29.000+0000
006gK00000MmB9bQAF,James Nguyen Residence - 6.6kW Rooftop Solar,Hemayet Hossain,2026-09-02T12:19:26.000+0000
006gK00000MmB1JQAV,James Nguyen Residence - 6.6kW Rooftop Solar,Hemayet Hossain,2026-09-02T12:19:23.000+0000
006gK00000MmB75QAF,James Nguyen Residence - 6.6kW Rooftop Solar,Hemayet Hossain,2026-09-02T12:19:26.000+0000
006gK00000Mlg08QAB,James Nguyen Residence - 6.6kW Rooftop Solar,Hemayet Hossain,2026-09-02T12:19:22.000+0000
006gK00000MmB6dQAF,James Nguyen Residence - 6.6kW Rooftop Solar,Hemayet Hossain,2026-09-02T12:19:25.000+0000
006gK00000MmBV2QAN,James Nguyen Residence - 6.6kW Rooftop Solar,Hemayet Hossain,2026-09-02T12:19:29.000+0000
006gK00000MmBBVQA3,James Nguyen Residence - 6.6kW Rooftop Solar,Hemayet Hossain,2026-09-02T12:19:27.000+0000
006gK00000Mlg0IQAR,James Nguyen Residence - 6.6kW Rooftop Solar,Hemayet Hossain,2026-09-02T12:19:23.000+0000
006gK00000MmB2gQAF,Jessica Silva Residence - 13.2kW Rooftop Solar,Hemayet Hossain,2026-08-24T15:30:38.000+0000
006gK00000MmB4aQAF,Jessica Silva Residence - 13.2kW Rooftop Solar,Hemayet Hossain,2026-09-02T12:19:25.000+0000
006gK00000MmB1mQAF,Jessica Silva Residence - 13.2kW Rooftop Solar,Hemayet Hossain,2026-08-24T15:30:38.000+0000
006gK00000MmB6eQAF,Jessica Silva Residence - 13.2kW Rooftop Solar,Hemayet Hossain,2026-08-17T07:54:12.000+0000
006gK00000MmB1KQAV,Jessica Silva Residence - 13.2kW Rooftop Solar,Hemayet Hossain,2026-08-17T07:54:12.000+0000
006gK00000Mlg09QAB,Jessica Silva Residence - 13.2kW Rooftop Solar,Hemayet Hossain,2026-08-24T15:30:38.000+0000
006gK00000MmBV3QAN,Jessica Silva Residence - 13.2kW Rooftop Solar,Hemayet Hossain,2026-08-24T15:30:38.000+0000
006gK00000Mlg0JQAR,Jessica Silva Residence - 13.2kW Rooftop Solar,Hemayet Hossain,2026-09-02T12:19:23.000+0000
006gK00000MmBEmQAN,Jessica Silva Residence - 13.2kW Rooftop Solar,Hemayet Hossain,2026-08-24T15:30:38.000+0000
006gK00000MmB9cQAF,Jessica Silva Residence - 13.2kW Rooftop Solar,Hemayet Hossain,2026-08-24T15:30:38.000+0000
006gK00000MmBBWQA3,Jessica Silva Residence - 13.2kW Rooftop Solar,Hemayet Hossain,2026-09-02T12:19:27.000+0000
006gK00000MmBDsQAN,Jessica Silva Residence - 13.2kW Rooftop Solar,Hemayet Hossain,2026-08-17T07:54:14.000+0000
006gK00000MmB76QAF,Jessica Silva Residence - 13.2kW Rooftop Solar,Hemayet Hossain,2026-08-24T15:30:38.000+0000
006gK00000MlfzBQAR,Jessica Silva Residence - 13.2kW Rooftop Solar,Hemayet Hossain,2026-08-17T07:54:20.000+0000
006gK00000MmB5zQAF,Jessica Silva Residence - 6.6kW Rooftop Solar,Hemayet Hossain,2026-09-02T12:19:25.000+0000
006gK00000MmBCTQA3,Jessica Silva Residence - 6.6kW Rooftop Solar,Hemayet Hossain,2026-09-02T12:19:28.000+0000
006gK00000MmB2jQAF,Jessica Silva Residence - 6.6kW Rooftop Solar,Hemayet Hossain,2026-09-02T12:19:23.000+0000
006gK00000MmBDpQAN,Jessica Silva Residence - 6.6kW Rooftop Solar,Hemayet Hossain,2026-09-02T12:19:28.000+0000
006gK00000MmB5XQAV,Jessica Silva Residence - 6.6kW Rooftop Solar,Hemayet Hossain,2026-09-02T12:19:25.000+0000
006gK00000MmB3dQAF,Jessica Silva Residence - 6.6kW Rooftop Solar,Hemayet Hossain,2026-09-02T12:19:24.000+0000
006gK00000MmBAZQA3,Jessica Silva Residence - 6.6kW Rooftop Solar,Hemayet Hossain,2026-09-02T12:19:27.000+0000
006gK00000MmB9fQAF,Jessica Silva Residence - 6.6kW Rooftop Solar,Hemayet Hossain,2026-09-02T12:19:26.000+0000
006gK00000MmBCvQAN,Jessica Silva Residence - 6.6kW Rooftop Solar,Hemayet Hossain,2026-09-02T12:19:28.000+0000
006gK00000MmB30QAF,Joshua Patel Residence - 13.2kW Rooftop Solar,Hemayet Hossain,2026-08-24T15:30:56.000+0000
006gK00000MmB9wQAF,Joshua Patel Residence - 13.2kW Rooftop Solar,Hemayet Hossain,2026-08-24T15:30:56.000+0000
006gK00000MmB3uQAF,Joshua Patel Residence - 13.2kW Rooftop Solar,Hemayet Hossain,2026-08-24T15:30:57.000+0000
006gK00000MmB6GQAV,Joshua Patel Residence - 13.2kW Rooftop Solar,Hemayet Hossain,2026-09-02T12:19:25.000+0000
006gK00000MmBDCQA3,Joshua Patel Residence - 13.2kW Rooftop Solar,Hemayet Hossain,2026-09-02T12:19:28.000+0000
006gK00000MmBAqQAN,Joshua Patel Residence - 13.2kW Rooftop Solar,Hemayet Hossain,2026-08-24T15:30:57.000+0000
006gK00000MmB4rQAF,Joshua Patel Residence - 6.6kW Rooftop Solar,Hemayet Hossain,2026-09-02T12:19:25.000+0000
006gK00000MmB23QAF,Joshua Patel Residence - 6.6kW Rooftop Solar,Hemayet Hossain,2026-09-02T12:19:23.000+0000
006gK00000Mlg0GQAR,Joshua Patel Residence - 6.6kW Rooftop Solar,Hemayet Hossain,2026-09-02T12:19:23.000+0000
006gK00000MmBBnQAN,Joshua Patel Residence - 6.6kW Rooftop Solar,Hemayet Hossain,2026-09-02T12:19:27.000+0000
006gK00000MmBV0QAN,Joshua Patel Residence - 6.6kW Rooftop Solar,Hemayet Hossain,2026-09-02T12:19:29.000+0000
006gK00000MmBE9QAN,Joshua Patel Residence - 6.6kW Rooftop Solar,Hemayet Hossain,2026-09-02T12:19:28.000+0000
006gK00000MmB5JQAV,Joshua Patel Residence - 6.6kW Rooftop Solar,Hemayet Hossain,2026-09-02T12:19:25.000+0000
006gK00000Mlg06QAB,Joshua Patel Residence - 6.6kW Rooftop Solar,Hemayet Hossain,2026-09-02T12:19:22.000+0000
006gK00000MmB3xQAF,Joshua Patel Residence - 6.6kW Rooftop Solar,Hemayet Hossain,2026-09-02T12:19:24.000+0000
006gK00000MmB7NQAV,Joshua Patel Residence - 6.6kW Rooftop Solar,Hemayet Hossain,2026-09-02T12:19:26.000+0000
006gK00000MmBAtQAN,Joshua Patel Residence - 6.6kW Rooftop Solar,Hemayet Hossain,2026-09-02T12:19:27.000+0000
006gK00000MmBCFQA3,Joshua Patel Residence - 6.6kW Rooftop Solar,Hemayet Hossain,2026-09-02T12:19:27.000+0000
006gK00000MmBUqQAN,Joshua Patel Residence - 6.6kW Rooftop Solar,Hemayet Hossain,2026-09-02T12:19:29.000+0000
006gK00000MmB9yQAF,Layla Osman Residence - 13.2kW Rooftop Solar,Hemayet Hossain,2026-09-02T12:19:27.000+0000
006gK00000MmB4wQAF,Layla Osman Residence - 13.2kW Rooftop Solar,Hemayet Hossain,2026-08-24T15:30:40.000+0000
006gK00000MmB32QAF,Layla Osman Residence - 13.2kW Rooftop Solar,Hemayet Hossain,2026-09-02T12:19:23.000+0000
006gK00000MmBCmQAN,Layla Osman Residence - 13.2kW Rooftop Solar,Hemayet Hossain,2026-08-24T15:30:40.000+0000
006gK00000MmB5qQAF,Layla Osman Residence - 13.2kW Rooftop Solar,Hemayet Hossain,2026-08-24T15:30:40.000+0000
006gK00000MmBV9QAN,Layla Osman Residence - 13.2kW Rooftop Solar,Hemayet Hossain,2026-09-02T12:19:29.000+0000
006gK00000Mlg0ZQAR,Layla Osman Residence - 13.2kW Rooftop Solar,Hemayet Hossain,2026-09-02T12:19:23.000+0000
006gK00000MmBDEQA3,Layla Osman Residence - 13.2kW Rooftop Solar,Hemayet Hossain,2026-08-24T15:30:40.000+0000
006gK00000Mlg0PQAR,Layla Osman Residence - 13.2kW Rooftop Solar,Hemayet Hossain,2026-08-24T15:30:40.000+0000
006gK00000MmBBsQAN,Layla Osman Residence - 13.2kW Rooftop Solar,Hemayet Hossain,2026-08-24T15:30:40.000+0000
006gK00000MmB6IQAV,Layla Osman Residence - 13.2kW Rooftop Solar,Hemayet Hossain,2026-08-24T15:30:40.000+0000
006gK00000MlfzHQAR,Layla Osman Residence - 13.2kW Rooftop Solar,Hemayet Hossain,2026-09-02T12:19:22.000+0000
006gK00000MmB3zQAF,Layla Osman Residence - 6.6kW Rooftop Solar,Hemayet Hossain,2026-09-02T12:19:24.000+0000
006gK00000MmB4tQAF,Layla Osman Residence - 6.6kW Rooftop Solar,Hemayet Hossain,2026-09-02T12:19:25.000+0000
006gK00000MmBBpQAN,Layla Osman Residence - 6.6kW Rooftop Solar,Hemayet Hossain,2026-09-02T12:19:27.000+0000
006gK00000MmB1dQAF,Layla Osman Residence - 6.6kW Rooftop Solar,Hemayet Hossain,2026-09-02T12:19:23.000+0000
006gK00000MmBAvQAN,Layla Osman Residence - 6.6kW Rooftop Solar,Hemayet Hossain,2026-09-02T12:19:27.000+0000
006gK00000MmB25QAF,Layla Osman Residence - 6.6kW Rooftop Solar,Hemayet Hossain,2026-09-02T12:19:23.000+0000
006gK00000MmBEBQA3,Layla Osman Residence - 6.6kW Rooftop Solar,Hemayet Hossain,2026-09-02T12:19:28.000+0000
006gK00000MmB6xQAF,Layla Osman Residence - 6.6kW Rooftop Solar,Hemayet Hossain,2026-09-02T12:19:26.000+0000
006gK00000MmB7PQAV,Layla Osman Residence - 6.6kW Rooftop Solar,Hemayet Hossain,2026-09-02T12:19:26.000+0000
006gK00000MmBDjQAN,Layla Osman Residence - 6.6kW Rooftop Solar,Hemayet Hossain,2026-09-02T12:19:28.000+0000
006gK00000MlfzOQAR,Liam Bennett Residence - 6.6kW Rooftop Solar,Hemayet Hossain,2026-09-02T12:19:22.000+0000
006gK00000Mlg0WQAR,Liam Bennett Residence - 6.6kW Rooftop Solar,Hemayet Hossain,2026-09-02T12:19:23.000+0000
006gK00000Mlg0gQAB,Liam Bennett Residence - 6.6kW Rooftop Solar,Hemayet Hossain,2026-09-02T12:19:23.000+0000
006gK00000MlfzYQAR,Liam Bennett Residence - 6.6kW Rooftop Solar,Hemayet Hossain,2026-09-02T12:19:22.000+0000
006gK00000MmBBQQA3,Lily Kelly Residence - 13.2kW Rooftop Solar,Hemayet Hossain,2026-08-17T07:54:13.000+0000
006gK00000MmB66QAF,Lily Kelly Residence - 13.2kW Rooftop Solar,Hemayet Hossain,2026-08-17T07:54:12.000+0000
006gK00000MmB2EQAV,Lily Kelly Residence - 13.2kW Rooftop Solar,Hemayet Hossain,2026-08-17T07:54:12.000+0000
006gK00000MmBASQA3,Lily Kelly Residence - 13.2kW Rooftop Solar,Hemayet Hossain,2026-08-17T07:54:13.000+0000
006gK00000MmBEKQA3,Lily Kelly Residence - 13.2kW Rooftop Solar,Hemayet Hossain,2026-08-17T07:54:14.000+0000
006gK00000MmB1uQAF,Lily Kelly Residence - 13.2kW Rooftop Solar,Hemayet Hossain,2026-08-17T07:54:12.000+0000
006gK00000MmBB6QAN,Lily Kelly Residence - 13.2kW Rooftop Solar,Hemayet Hossain,2026-08-17T07:54:13.000+0000
006gK00000MmB2YQAV,Lily Kelly Residence - 13.2kW Rooftop Solar,Hemayet Hossain,2026-08-17T07:54:12.000+0000
006gK00000MmBAmQAN,Lily Kelly Residence - 13.2kW Rooftop Solar,Hemayet Hossain,2026-08-17T07:54:13.000+0000
006gK00000MmB3WQAV,Lily Kelly Residence - 13.2kW Rooftop Solar,Hemayet Hossain,2026-08-17T07:54:12.000+0000
006gK00000MmBDMQA3,Lily Kelly Residence - 13.2kW Rooftop Solar,Hemayet Hossain,2026-08-17T07:54:14.000+0000
006gK00000MmB7EQAV,Lily Kelly Residence - 13.2kW Rooftop Solar,Hemayet Hossain,2026-08-17T07:54:12.000+0000
006gK00000MmBCOQA3,Lily Kelly Residence - 13.2kW Rooftop Solar,Hemayet Hossain,2026-08-17T07:54:13.000+0000
006gK00000MmB5mQAF,Lily Kelly Residence - 13.2kW Rooftop Solar,Hemayet Hossain,2026-08-17T07:54:12.000+0000
006gK00000MmB58QAF,Lily Kelly Residence - 13.2kW Rooftop Solar,Hemayet Hossain,2026-08-17T07:54:12.000+0000
006gK00000MmBE0QAN,Lily Kelly Residence - 13.2kW Rooftop Solar,Hemayet Hossain,2026-08-17T07:54:14.000+0000
006gK00000MmB4oQAF,Lily Kelly Residence - 13.2kW Rooftop Solar,Hemayet Hossain,2026-08-17T07:54:12.000+0000
006gK00000MmBBkQAN,Lily Kelly Residence - 13.2kW Rooftop Solar,Hemayet Hossain,2026-08-17T07:54:13.000+0000
006gK00000MmB1aQAF,Lily Kelly Residence - 13.2kW Rooftop Solar,Hemayet Hossain,2026-08-17T07:54:12.000+0000
006gK00000MmBULQA3,Lily Kelly Residence - 13.2kW Rooftop Solar,Hemayet Hossain,2026-08-24T15:31:08.000+0000
006gK00000MmB9UQAV,Lily Kelly Residence - 13.2kW Rooftop Solar,Hemayet Hossain,2026-08-17T07:54:13.000+0000
006gK00000MlfzbQAB,Lily Kelly Residence - 13.2kW Rooftop Solar,Hemayet Hossain,2026-09-02T12:19:22.000+0000
006gK00000MmB5SQAV,Lily Kelly Residence - 13.2kW Rooftop Solar,Hemayet Hossain,2026-08-17T07:54:12.000+0000
006gK00000MmBC4QAN,Lily Kelly Residence - 13.2kW Rooftop Solar,Hemayet Hossain,2026-08-17T07:54:13.000+0000
006gK00000MmB6QQAV,Lily Kelly Residence - 13.2kW Rooftop Solar,Hemayet Hossain,2026-08-17T07:54:12.000+0000
006gK00000MmBA8QAN,Lily Kelly Residence - 13.2kW Rooftop Solar,Hemayet Hossain,2026-08-17T07:54:13.000+0000
006gK00000MmBEeQAN,Lily Kelly Residence - 13.2kW Rooftop Solar,Hemayet Hossain,2026-08-17T07:54:14.000+0000
006gK00000MmB7YQAV,Lily Kelly Residence - 13.2kW Rooftop Solar,Hemayet Hossain,2026-08-17T07:54:12.000+0000
006gK00000MmBDgQAN,Lily Kelly Residence - 13.2kW Rooftop Solar,Hemayet Hossain,2026-08-17T07:54:14.000+0000
006gK00000MmB6uQAF,Lily Kelly Residence - 13.2kW Rooftop Solar,Hemayet Hossain,2026-08-17T07:54:12.000+0000
006gK00000MmB2sQAF,Lily Kelly Residence - 13.2kW Rooftop Solar,Hemayet Hossain,2026-08-17T07:54:12.000+0000
006gK00000MmB3CQAV,Lily Kelly Residence - 13.2kW Rooftop Solar,Hemayet Hossain,2026-08-17T07:54:12.000+0000
006gK00000MmBCiQAN,Lily Kelly Residence - 13.2kW Rooftop Solar,Hemayet Hossain,2026-08-17T07:54:14.000+0000
006gK00000MmB3qQAF,Lily Kelly Residence - 13.2kW Rooftop Solar,Hemayet Hossain,2026-08-17T07:54:12.000+0000
006gK00000MmBD2QAN,Lily Kelly Residence - 13.2kW Rooftop Solar,Hemayet Hossain,2026-08-17T07:54:14.000+0000
006gK00000MlfzRQAR,Lily Kelly Residence - 13.2kW Rooftop Solar,Hemayet Hossain,2026-08-24T15:31:08.000+0000
006gK00000MmB4AQAV,Lily Kelly Residence - 13.2kW Rooftop Solar,Hemayet Hossain,2026-08-17T07:54:12.000+0000
006gK00000MmB9oQAF,Lily Kelly Residence - 13.2kW Rooftop Solar,Hemayet Hossain,2026-08-17T07:54:13.000+0000
006gK00000MmB4UQAV,Lily Kelly Residence - 13.2kW Rooftop Solar,Hemayet Hossain,2026-08-17T07:54:12.000+0000
006gK00000MmB1MQAV,Lucas Tran Residence - 13.2kW Rooftop Solar,Hemayet Hossain,2026-09-02T12:19:23.000+0000
006gK00000MmB6gQAF,Lucas Tran Residence - 13.2kW Rooftop Solar,Hemayet Hossain,2026-09-02T12:19:25.000+0000
006gK00000MmBBYQA3,Lucas Tran Residence - 13.2kW Rooftop Solar,Hemayet Hossain,2026-08-24T15:31:01.000+0000
006gK00000MmBEoQAN,Lucas Tran Residence - 13.2kW Rooftop Solar,Hemayet Hossain,2026-09-02T12:19:29.000+0000
006gK00000MmB4cQAF,Lucas Tran Residence - 13.2kW Rooftop Solar,Hemayet Hossain,2026-08-24T15:31:01.000+0000
006gK00000MmBDPQA3,Lucas Tran Residence - 6.6kW Rooftop Solar,Hemayet Hossain,2026-09-02T12:19:28.000+0000
006gK00000MmBAbQAN,Lucas Tran Residence - 6.6kW Rooftop Solar,Hemayet Hossain,2026-09-02T12:19:27.000+0000
006gK00000MmB9hQAF,Lucas Tran Residence - 6.6kW Rooftop Solar,Hemayet Hossain,2026-09-02T12:19:26.000+0000
006gK00000Mlg0cQAB,Lucas Tran Residence - 6.6kW Rooftop Solar,Hemayet Hossain,2026-09-02T12:19:23.000+0000
006gK00000MmB5ZQAV,Lucas Tran Residence - 6.6kW Rooftop Solar,Hemayet Hossain,2026-09-02T12:19:25.000+0000
006gK00000Mlg0SQAR,Lucas Tran Residence - 6.6kW Rooftop Solar,Hemayet Hossain,2026-09-02T12:19:23.000+0000
006gK00000MmB6TQAV,Lucas Tran Residence - 6.6kW Rooftop Solar,Hemayet Hossain,2026-09-02T12:19:25.000+0000
006gK00000MmB3fQAF,Lucas Tran Residence - 6.6kW Rooftop Solar,Hemayet Hossain,2026-09-02T12:19:24.000+0000
006gK00000MlfzKQAR,Lucas Tran Residence - 6.6kW Rooftop Solar,Hemayet Hossain,2026-09-02T12:19:22.000+0000
006gK00000MmB2lQAF,Lucas Tran Residence - 6.6kW Rooftop Solar,Hemayet Hossain,2026-09-02T12:19:23.000+0000
006gK00000MmBCVQA3,Lucas Tran Residence - 6.6kW Rooftop Solar,Hemayet Hossain,2026-09-02T12:19:28.000+0000
006gK00000MmB1tQAF,Matthew Kaur Residence - 6.6kW Rooftop Solar,Hemayet Hossain,2026-09-02T12:19:23.000+0000
006gK00000MmB7DQAV,Matthew Kaur Residence - 6.6kW Rooftop Solar,Hemayet Hossain,2026-09-02T12:19:26.000+0000
006gK00000MmBB5QAN,Matthew Kaur Residence - 6.6kW Rooftop Solar,Hemayet Hossain,2026-09-02T12:19:27.000+0000
006gK00000MmB1ZQAV,Matthew Kaur Residence - 6.6kW Rooftop Solar,Hemayet Hossain,2026-09-02T12:19:23.000+0000
006gK00000MmBEdQAN,Matthew Kaur Residence - 6.6kW Rooftop Solar,Hemayet Hossain,2026-09-02T12:19:29.000+0000
006gK00000MmB5RQAV,Matthew Kaur Residence - 6.6kW Rooftop Solar,Hemayet Hossain,2026-09-02T12:19:25.000+0000
006gK00000MmB4nQAF,Matthew Kaur Residence - 6.6kW Rooftop Solar,Hemayet Hossain,2026-09-02T12:19:25.000+0000
006gK00000MmBBjQAN,Matthew Kaur Residence - 6.6kW Rooftop Solar,Hemayet Hossain,2026-09-02T12:19:27.000+0000
006gK00000MlfzIQAR,Matthew Kaur Residence - 6.6kW Rooftop Solar,Hemayet Hossain,2026-09-02T12:19:22.000+0000
006gK00000MmBAlQAN,Matthew Kaur Residence - 6.6kW Rooftop Solar,Hemayet Hossain,2026-09-02T12:19:27.000+0000
006gK00000MmB5lQAF,Matthew Kaur Residence - 6.6kW Rooftop Solar,Hemayet Hossain,2026-09-02T12:19:25.000+0000
006gK00000Mlg0aQAB,Matthew Kaur Residence - 6.6kW Rooftop Solar,Hemayet Hossain,2026-09-02T12:19:23.000+0000
006gK00000MmBDzQAN,Matthew Kaur Residence - 6.6kW Rooftop Solar,Hemayet Hossain,2026-09-02T12:19:28.000+0000
006gK00000MmB2DQAV,Matthew Kaur Residence - 6.6kW Rooftop Solar,Hemayet Hossain,2026-09-02T12:19:23.000+0000
006gK00000MmB65QAF,Matthew Kaur Residence - 6.6kW Rooftop Solar,Hemayet Hossain,2026-09-02T12:19:25.000+0000
006gK00000Mlg0QQAR,Matthew Kaur Residence - 6.6kW Rooftop Solar,Hemayet Hossain,2026-09-02T12:19:23.000+0000
006gK00000MmBARQA3,Matthew Kaur Residence - 6.6kW Rooftop Solar,Hemayet Hossain,2026-09-02T12:19:27.000+0000
006gK00000MmB7XQAV,Matthew Kaur Residence - 6.6kW Rooftop Solar,Hemayet Hossain,2026-09-02T12:19:26.000+0000
006gK00000MmB4TQAV,Matthew Kaur Residence - 6.6kW Rooftop Solar,Hemayet Hossain,2026-09-02T12:19:25.000+0000
006gK00000MmBC3QAN,Matthew Kaur Residence - 6.6kW Rooftop Solar,Hemayet Hossain,2026-09-02T12:19:27.000+0000
006gK00000MmB6PQAV,Matthew Kaur Residence - 6.6kW Rooftop Solar,Hemayet Hossain,2026-09-02T12:19:25.000+0000
006gK00000MmBA7QAN,Matthew Kaur Residence - 6.6kW Rooftop Solar,Hemayet Hossain,2026-09-02T12:19:27.000+0000
006gK00000MmBDfQAN,Matthew Kaur Residence - 6.6kW Rooftop Solar,Hemayet Hossain,2026-09-02T12:19:28.000+0000
006gK00000MmB2XQAV,Matthew Kaur Residence - 6.6kW Rooftop Solar,Hemayet Hossain,2026-09-02T12:19:23.000+0000
006gK00000MmBVAQA3,Matthew Kaur Residence - 6.6kW Rooftop Solar,Hemayet Hossain,2026-09-02T12:19:29.000+0000
006gK00000MmB49QAF,Matthew Kaur Residence - 6.6kW Rooftop Solar,Hemayet Hossain,2026-09-02T12:19:25.000+0000
006gK00000MmBCNQA3,Matthew Kaur Residence - 6.6kW Rooftop Solar,Hemayet Hossain,2026-09-02T12:19:28.000+0000
006gK00000MmB9nQAF,Matthew Kaur Residence - 6.6kW Rooftop Solar,Hemayet Hossain,2026-09-02T12:19:26.000+0000
006gK00000MmB9TQAV,Matthew Kaur Residence - 6.6kW Rooftop Solar,Hemayet Hossain,2026-09-02T12:19:26.000+0000
006gK00000MmB6tQAF,Matthew Kaur Residence - 6.6kW Rooftop Solar,Hemayet Hossain,2026-09-02T12:19:26.000+0000
006gK00000MmB3pQAF,Matthew Kaur Residence - 6.6kW Rooftop Solar,Hemayet Hossain,2026-09-02T12:19:24.000+0000
006gK00000MmB3BQAV,Matthew Kaur Residence - 6.6kW Rooftop Solar,Hemayet Hossain,2026-09-02T12:19:24.000+0000
006gK00000MmBD1QAN,Matthew Kaur Residence - 6.6kW Rooftop Solar,Hemayet Hossain,2026-09-02T12:19:28.000+0000
006gK00000MmBDLQA3,Matthew Kaur Residence - 6.6kW Rooftop Solar,Hemayet Hossain,2026-09-02T12:19:28.000+0000
006gK00000MmB2rQAF,Matthew Kaur Residence - 6.6kW Rooftop Solar,Hemayet Hossain,2026-09-02T12:19:23.000+0000
006gK00000MmB3VQAV,Matthew Kaur Residence - 6.6kW Rooftop Solar,Hemayet Hossain,2026-09-02T12:19:24.000+0000
006gK00000MmBChQAN,Matthew Kaur Residence - 6.6kW Rooftop Solar,Hemayet Hossain,2026-09-02T12:19:28.000+0000
006gK00000MmBBPQA3,Matthew Kaur Residence - 6.6kW Rooftop Solar,Hemayet Hossain,2026-09-02T12:19:27.000+0000
006gK00000MmB57QAF,Matthew Kaur Residence - 6.6kW Rooftop Solar,Hemayet Hossain,2026-09-02T12:19:25.000+0000
006gK00000MmBEJQA3,Matthew Kaur Residence - 6.6kW Rooftop Solar,Hemayet Hossain,2026-09-02T12:19:29.000+0000
006gK00000MmB3KQAV,Mia Taylor Residence - 13.2kW Rooftop Solar,Hemayet Hossain,2026-08-17T07:54:12.000+0000
006gK00000Mlg03QAB,Mia Taylor Residence - 13.2kW Rooftop Solar,Hemayet Hossain,2026-09-02T12:19:22.000+0000
006gK00000Mlg0DQAR,Mia Taylor Residence - 13.2kW Rooftop Solar,Hemayet Hossain,2026-08-17T07:54:20.000+0000
006gK00000MmB1QQAV,Mia Taylor Residence - 13.2kW Rooftop Solar,Hemayet Hossain,2026-09-02T12:19:23.000+0000
006gK00000MmB4EQAV,Mia Taylor Residence - 13.2kW Rooftop Solar,Hemayet Hossain,2026-08-24T15:30:37.000+0000
006gK00000MmB4gQAF,Mia Taylor Residence - 13.2kW Rooftop Solar,Hemayet Hossain,2026-08-24T15:30:37.000+0000
006gK00000MmB6aQAF,Mia Taylor Residence - 13.2kW Rooftop Solar,Hemayet Hossain,2026-09-02T12:19:25.000+0000
006gK00000MmB6kQAF,Mia Taylor Residence - 13.2kW Rooftop Solar,Hemayet Hossain,2026-09-02T12:19:25.000+0000
006gK00000MmBAGQA3,Mia Taylor Residence - 13.2kW Rooftop Solar,Hemayet Hossain,2026-08-17T07:54:13.000+0000
006gK00000MmBBAQA3,Mia Taylor Residence - 13.2kW Rooftop Solar,Hemayet Hossain,2026-08-24T15:30:37.000+0000
006gK00000MmBBcQAN,Mia Taylor Residence - 13.2kW Rooftop Solar,Hemayet Hossain,2026-08-24T15:30:37.000+0000
006gK00000MmBDWQA3,Mia Taylor Residence - 13.2kW Rooftop Solar,Hemayet Hossain,2026-09-02T12:19:28.000+0000
006gK00000MmBEQQA3,Mia Taylor Residence - 13.2kW Rooftop Solar,Hemayet Hossain,2026-09-02T12:19:29.000+0000
006gK00000MmBUnQAN,Mia Taylor Residence - 13.2kW Rooftop Solar,Hemayet Hossain,2026-08-24T15:30:37.000+0000
006gK00000MmBUxQAN,Mia Taylor Residence - 13.2kW Rooftop Solar,Hemayet Hossain,2026-09-02T12:19:29.000+0000
006gK00000MmB5BQAV,Mia Taylor Residence - 6.6kW Rooftop Solar,Hemayet Hossain,2026-09-02T12:19:25.000+0000
006gK00000MmB2NQAV,Mia Taylor Residence - 6.6kW Rooftop Solar,Hemayet Hossain,2026-09-02T12:19:23.000+0000
006gK00000MmB5dQAF,Mia Taylor Residence - 6.6kW Rooftop Solar,Hemayet Hossain,2026-09-02T12:19:25.000+0000
006gK00000MmBETQA3,Mia Taylor Residence - 6.6kW Rooftop Solar,Hemayet Hossain,2026-09-02T12:19:29.000+0000
006gK00000MmBC7QAN,Mia Taylor Residence - 6.6kW Rooftop Solar,Hemayet Hossain,2026-09-02T12:19:27.000+0000
006gK00000MmBCZQA3,Mia Taylor Residence - 6.6kW Rooftop Solar,Hemayet Hossain,2026-09-02T12:19:28.000+0000
006gK00000MmBADQA3,Mia Taylor Residence - 6.6kW Rooftop Solar,Hemayet Hossain,2026-09-02T12:19:27.000+0000
006gK00000MmB3HQAV,Mia Taylor Residence - 6.6kW Rooftop Solar,Hemayet Hossain,2026-09-02T12:19:24.000+0000
006gK00000MmB7hQAF,Mia Taylor Residence - 6.6kW Rooftop Solar,Hemayet Hossain,2026-09-02T12:19:26.000+0000
006gK00000MmBEbQAN,Michael Young Residence - 6.6kW Rooftop Solar,Hemayet Hossain,2026-09-02T12:19:29.000+0000
006gK00000MmB1XQAV,Michael Young Residence - 6.6kW Rooftop Solar,Hemayet Hossain,2026-09-02T12:19:23.000+0000
006gK00000MmB1rQAF,Michael Young Residence - 6.6kW Rooftop Solar,Hemayet Hossain,2026-09-02T12:19:23.000+0000
006gK00000MmBEHQA3,Michael Young Residence - 6.6kW Rooftop Solar,Hemayet Hossain,2026-09-02T12:19:29.000+0000
006gK00000MmBDxQAN,Michael Young Residence - 6.6kW Rooftop Solar,Hemayet Hossain,2026-09-02T12:19:28.000+0000
006gK00000MmB2BQAV,Michael Young Residence - 6.6kW Rooftop Solar,Hemayet Hossain,2026-09-02T12:19:23.000+0000
006gK00000MmBDdQAN,Michael Young Residence - 6.6kW Rooftop Solar,Hemayet Hossain,2026-09-02T12:19:28.000+0000
006gK00000MmB2VQAV,Michael Young Residence - 6.6kW Rooftop Solar,Hemayet Hossain,2026-09-02T12:19:23.000+0000
006gK00000MmB7BQAV,Michael Young Residence - 6.6kW Rooftop Solar,Hemayet Hossain,2026-09-02T12:19:26.000+0000
006gK00000MmB2pQAF,Michael Young Residence - 6.6kW Rooftop Solar,Hemayet Hossain,2026-09-02T12:19:23.000+0000
006gK00000MmBDJQA3,Michael Young Residence - 6.6kW Rooftop Solar,Hemayet Hossain,2026-09-02T12:19:28.000+0000
006gK00000MmB39QAF,Michael Young Residence - 6.6kW Rooftop Solar,Hemayet Hossain,2026-09-02T12:19:24.000+0000
006gK00000MmBCzQAN,Michael Young Residence - 6.6kW Rooftop Solar,Hemayet Hossain,2026-09-02T12:19:28.000+0000
006gK00000MmB3TQAV,Michael Young Residence - 6.6kW Rooftop Solar,Hemayet Hossain,2026-09-02T12:19:24.000+0000
006gK00000MmB9lQAF,Michael Young Residence - 6.6kW Rooftop Solar,Hemayet Hossain,2026-09-02T12:19:26.000+0000
006gK00000MmBCfQAN,Michael Young Residence - 6.6kW Rooftop Solar,Hemayet Hossain,2026-09-02T12:19:28.000+0000
006gK00000MmB6rQAF,Michael Young Residence - 6.6kW Rooftop Solar,Hemayet Hossain,2026-09-02T12:19:26.000+0000
006gK00000MmB3nQAF,Michael Young Residence - 6.6kW Rooftop Solar,Hemayet Hossain,2026-09-02T12:19:24.000+0000
006gK00000MmBCLQA3,Michael Young Residence - 6.6kW Rooftop Solar,Hemayet Hossain,2026-09-02T12:19:28.000+0000
006gK00000MmB47QAF,Michael Young Residence - 6.6kW Rooftop Solar,Hemayet Hossain,2026-09-02T12:19:25.000+0000
006gK00000MmBA5QAN,Michael Young Residence - 6.6kW Rooftop Solar,Hemayet Hossain,2026-09-02T12:19:27.000+0000
006gK00000MmBAjQAN,Michael Young Residence - 6.6kW Rooftop Solar,Hemayet Hossain,2026-09-02T12:19:27.000+0000
006gK00000MmB63QAF,Michael Young Residence - 6.6kW Rooftop Solar,Hemayet Hossain,2026-09-02T12:19:25.000+0000
006gK00000MmBAPQA3,Michael Young Residence - 6.6kW Rooftop Solar,Hemayet Hossain,2026-09-02T12:19:27.000+0000
006gK00000MmB6NQAV,Michael Young Residence - 6.6kW Rooftop Solar,Hemayet Hossain,2026-09-02T12:19:25.000+0000
006gK00000MmBUaQAN,Michael Young Residence - 6.6kW Rooftop Solar,Hemayet Hossain,2026-09-02T12:19:29.000+0000
006gK00000MmBUQQA3,Michael Young Residence - 6.6kW Rooftop Solar,Hemayet Hossain,2026-09-02T12:19:29.000+0000
006gK00000MmB7VQAV,Michael Young Residence - 6.6kW Rooftop Solar,Hemayet Hossain,2026-09-02T12:19:26.000+0000
006gK00000MmB9RQAV,Michael Young Residence - 6.6kW Rooftop Solar,Hemayet Hossain,2026-09-02T12:19:26.000+0000
006gK00000MmB5PQAV,Michael Young Residence - 6.6kW Rooftop Solar,Hemayet Hossain,2026-09-02T12:19:25.000+0000
006gK00000MlfzgQAB,Michael Young Residence - 6.6kW Rooftop Solar,Hemayet Hossain,2026-09-02T12:19:22.000+0000
006gK00000MmB5jQAF,Michael Young Residence - 6.6kW Rooftop Solar,Hemayet Hossain,2026-09-02T12:19:25.000+0000
006gK00000MmBC1QAN,Michael Young Residence - 6.6kW Rooftop Solar,Hemayet Hossain,2026-09-02T12:19:27.000+0000
006gK00000MmB4RQAV,Michael Young Residence - 6.6kW Rooftop Solar,Hemayet Hossain,2026-09-02T12:19:25.000+0000
006gK00000MmBBhQAN,Michael Young Residence - 6.6kW Rooftop Solar,Hemayet Hossain,2026-09-02T12:19:27.000+0000
006gK00000MmB4lQAF,Michael Young Residence - 6.6kW Rooftop Solar,Hemayet Hossain,2026-09-02T12:19:25.000+0000
006gK00000MmBBNQA3,Michael Young Residence - 6.6kW Rooftop Solar,Hemayet Hossain,2026-09-02T12:19:27.000+0000
006gK00000MmB55QAF,Michael Young Residence - 6.6kW Rooftop Solar,Hemayet Hossain,2026-09-02T12:19:25.000+0000
006gK00000MmBB3QAN,Michael Young Residence - 6.6kW Rooftop Solar,Hemayet Hossain,2026-09-02T12:19:27.000+0000
006gK00000MlfzaQAB,Nathan Ryan Residence - 6.6kW Rooftop Solar,Hemayet Hossain,2026-09-02T12:19:22.000+0000
006gK00000MlfzQQAR,Nathan Ryan Residence - 6.6kW Rooftop Solar,Hemayet Hossain,2026-09-02T12:19:22.000+0000
006gK00000Mlg0iQAB,Nathan Ryan Residence - 6.6kW Rooftop Solar,Hemayet Hossain,2026-09-02T12:19:23.000+0000
006gK00000MmBA4QAN,Noah Brown Residence - 13.2kW Rooftop Solar,Hemayet Hossain,2026-08-17T07:54:13.000+0000
006gK00000MmB9QQAV,Noah Brown Residence - 13.2kW Rooftop Solar,Hemayet Hossain,2026-08-17T07:54:13.000+0000
006gK00000MmB7AQAV,Noah Brown Residence - 13.2kW Rooftop Solar,Hemayet Hossain,2026-08-17T07:54:12.000+0000
006gK00000MmB9kQAF,Noah Brown Residence - 13.2kW Rooftop Solar,Hemayet Hossain,2026-08-17T07:54:13.000+0000
006gK00000MmB6qQAF,Noah Brown Residence - 13.2kW Rooftop Solar,Hemayet Hossain,2026-08-17T07:54:12.000+0000
006gK00000MmB7UQAV,Noah Brown Residence - 13.2kW Rooftop Solar,Hemayet Hossain,2026-08-17T07:54:12.000+0000
006gK00000MmB6MQAV,Noah Brown Residence - 13.2kW Rooftop Solar,Hemayet Hossain,2026-08-17T07:54:12.000+0000
006gK00000MmBAOQA3,Noah Brown Residence - 13.2kW Rooftop Solar,Hemayet Hossain,2026-08-17T07:54:13.000+0000
006gK00000MmB62QAF,Noah Brown Residence - 13.2kW Rooftop Solar,Hemayet Hossain,2026-08-17T07:54:12.000+0000
006gK00000MmBAiQAN,Noah Brown Residence - 13.2kW Rooftop Solar,Hemayet Hossain,2026-08-17T07:54:13.000+0000
006gK00000MmB5iQAF,Noah Brown Residence - 13.2kW Rooftop Solar,Hemayet Hossain,2026-08-17T07:54:12.000+0000
006gK00000MmB5OQAV,Noah Brown Residence - 13.2kW Rooftop Solar,Hemayet Hossain,2026-08-17T07:54:12.000+0000
006gK00000MmBB2QAN,Noah Brown Residence - 13.2kW Rooftop Solar,Hemayet Hossain,2026-08-17T07:54:13.000+0000
006gK00000MmBBMQA3,Noah Brown Residence - 13.2kW Rooftop Solar,Hemayet Hossain,2026-08-17T07:54:13.000+0000
006gK00000MmB54QAF,Noah Brown Residence - 13.2kW Rooftop Solar,Hemayet Hossain,2026-08-17T07:54:12.000+0000
006gK00000MmB4kQAF,Noah Brown Residence - 13.2kW Rooftop Solar,Hemayet Hossain,2026-08-17T07:54:12.000+0000
006gK00000MmBBgQAN,Noah Brown Residence - 13.2kW Rooftop Solar,Hemayet Hossain,2026-08-17T07:54:13.000+0000
006gK00000MmB4QQAV,Noah Brown Residence - 13.2kW Rooftop Solar,Hemayet Hossain,2026-08-17T07:54:12.000+0000
006gK00000MmBC0QAN,Noah Brown Residence - 13.2kW Rooftop Solar,Hemayet Hossain,2026-08-17T07:54:13.000+0000
006gK00000MmB46QAF,Noah Brown Residence - 13.2kW Rooftop Solar,Hemayet Hossain,2026-08-17T07:54:12.000+0000
006gK00000MmBCKQA3,Noah Brown Residence - 13.2kW Rooftop Solar,Hemayet Hossain,2026-08-17T07:54:13.000+0000
006gK00000MmB3mQAF,Noah Brown Residence - 13.2kW Rooftop Solar,Hemayet Hossain,2026-08-17T07:54:12.000+0000
006gK00000MmBCeQAN,Noah Brown Residence - 13.2kW Rooftop Solar,Hemayet Hossain,2026-08-17T07:54:14.000+0000
006gK00000MmB3SQAV,Noah Brown Residence - 13.2kW Rooftop Solar,Hemayet Hossain,2026-08-17T07:54:12.000+0000
006gK00000MmBCyQAN,Noah Brown Residence - 13.2kW Rooftop Solar,Hemayet Hossain,2026-08-17T07:54:14.000+0000
006gK00000MmB38QAF,Noah Brown Residence - 13.2kW Rooftop Solar,Hemayet Hossain,2026-08-17T07:54:12.000+0000
006gK00000MmBDIQA3,Noah Brown Residence - 13.2kW Rooftop Solar,Hemayet Hossain,2026-08-17T07:54:14.000+0000
006gK00000MmB2oQAF,Noah Brown Residence - 13.2kW Rooftop Solar,Hemayet Hossain,2026-08-17T07:54:12.000+0000
006gK00000MmBDcQAN,Noah Brown Residence - 13.2kW Rooftop Solar,Hemayet Hossain,2026-08-17T07:54:14.000+0000
006gK00000MmB2UQAV,Noah Brown Residence - 13.2kW Rooftop Solar,Hemayet Hossain,2026-08-17T07:54:12.000+0000
006gK00000MmBDwQAN,Noah Brown Residence - 13.2kW Rooftop Solar,Hemayet Hossain,2026-08-17T07:54:14.000+0000
006gK00000MmB2AQAV,Noah Brown Residence - 13.2kW Rooftop Solar,Hemayet Hossain,2026-08-17T07:54:12.000+0000
006gK00000MmBEGQA3,Noah Brown Residence - 13.2kW Rooftop Solar,Hemayet Hossain,2026-08-17T07:54:14.000+0000
006gK00000MmB1qQAF,Noah Brown Residence - 13.2kW Rooftop Solar,Hemayet Hossain,2026-08-17T07:54:12.000+0000
006gK00000MmBEaQAN,Noah Brown Residence - 13.2kW Rooftop Solar,Hemayet Hossain,2026-08-17T07:54:14.000+0000
006gK00000MmB1WQAV,Noah Brown Residence - 13.2kW Rooftop Solar,Hemayet Hossain,2026-08-17T07:54:12.000+0000
006gK00000MmBUyQAN,Noah Brown Residence - 6.6kW Rooftop Solar,Hemayet Hossain,2026-09-02T12:19:29.000+0000
006gK00000Mlg04QAB,Noah Brown Residence - 6.6kW Rooftop Solar,Hemayet Hossain,2026-09-02T12:19:22.000+0000
006gK00000MmBUoQAN,Noah Brown Residence - 6.6kW Rooftop Solar,Hemayet Hossain,2026-09-02T12:19:29.000+0000
006gK00000Mlg0EQAR,Noah Brown Residence - 6.6kW Rooftop Solar,Hemayet Hossain,2026-09-02T12:19:23.000+0000
006gK00000MmBAcQAN,Oliver Murphy Residence - 13.2kW Rooftop Solar,Hemayet Hossain,2026-09-02T12:19:27.000+0000
006gK00000MmB6UQAV,Oliver Murphy Residence - 13.2kW Rooftop Solar,Hemayet Hossain,2026-08-24T15:30:38.000+0000
006gK00000MmBDQQA3,Oliver Murphy Residence - 13.2kW Rooftop Solar,Hemayet Hossain,2026-08-24T15:30:38.000+0000
006gK00000MmB3gQAF,Oliver Murphy Residence - 13.2kW Rooftop Solar,Hemayet Hossain,2026-09-02T12:19:24.000+0000
006gK00000MmB7eQAF,Oliver Murphy Residence - 13.2kW Rooftop Solar,Hemayet Hossain,2026-09-02T12:19:26.000+0000
006gK00000MmB2KQAV,Oliver Murphy Residence - 13.2kW Rooftop Solar,Hemayet Hossain,2026-09-02T12:19:23.000+0000
006gK00000MmBCWQA3,Oliver Murphy Residence - 13.2kW Rooftop Solar,Hemayet Hossain,2026-08-24T15:30:38.000+0000
006gK00000MmB5aQAF,Oliver Murphy Residence - 13.2kW Rooftop Solar,Hemayet Hossain,2026-08-24T15:30:38.000+0000
006gK00000MmB7bQAF,Oliver Murphy Residence - 6.6kW Rooftop Solar,Hemayet Hossain,2026-09-02T12:19:26.000+0000
006gK00000MlfzcQAB,Oliver Murphy Residence - 6.6kW Rooftop Solar,Hemayet Hossain,2026-09-02T12:19:22.000+0000
006gK00000MmB6hQAF,Oliver Murphy Residence - 6.6kW Rooftop Solar,Hemayet Hossain,2026-09-02T12:19:25.000+0000
006gK00000MmB4dQAF,Oliver Murphy Residence - 6.6kW Rooftop Solar,Hemayet Hossain,2026-09-02T12:19:25.000+0000
006gK00000MmB3jQAF,Oliver Murphy Residence - 6.6kW Rooftop Solar,Hemayet Hossain,2026-09-02T12:19:24.000+0000
006gK00000MlfzSQAR,Oliver Murphy Residence - 6.6kW Rooftop Solar,Hemayet Hossain,2026-09-02T12:19:22.000+0000
006gK00000MmBUWQA3,Oliver Murphy Residence - 6.6kW Rooftop Solar,Hemayet Hossain,2026-09-02T12:19:29.000+0000
006gK00000MmB6XQAV,Oliver Murphy Residence - 6.6kW Rooftop Solar,Hemayet Hossain,2026-09-02T12:19:25.000+0000
006gK00000MmBUMQA3,Oliver Murphy Residence - 6.6kW Rooftop Solar,Hemayet Hossain,2026-09-02T12:19:29.000+0000
006gK00000MmBEpQAN,Oliver Murphy Residence - 6.6kW Rooftop Solar,Hemayet Hossain,2026-09-02T12:19:29.000+0000
006gK00000MmB1NQAV,Oliver Murphy Residence - 6.6kW Rooftop Solar,Hemayet Hossain,2026-09-02T12:19:23.000+0000
006gK00000MmBDTQA3,Oliver Murphy Residence - 6.6kW Rooftop Solar,Hemayet Hossain,2026-09-02T12:19:28.000+0000
006gK00000MmBAfQAN,Oliver Murphy Residence - 6.6kW Rooftop Solar,Hemayet Hossain,2026-09-02T12:19:27.000+0000
006gK00000MmBBZQA3,Oliver Murphy Residence - 6.6kW Rooftop Solar,Hemayet Hossain,2026-09-02T12:19:27.000+0000
006gK00000MmBENQA3,Oliver Murphy Residence - 6.6kW Rooftop Solar,Hemayet Hossain,2026-09-02T12:19:29.000+0000
006gK00000MmB2HQAV,Oliver Murphy Residence - 6.6kW Rooftop Solar,Hemayet Hossain,2026-09-02T12:19:23.000+0000
006gK00000MmB4uQAF,Olivia Campbell Residence - 13.2kW Rooftop Solar,Hemayet Hossain,2026-09-02T12:19:25.000+0000
006gK00000MmB7QQAV,Olivia Campbell Residence - 13.2kW Rooftop Solar,Hemayet Hossain,2026-08-24T15:31:14.000+0000
006gK00000MmBBqQAN,Olivia Campbell Residence - 13.2kW Rooftop Solar,Hemayet Hossain,2026-09-02T12:19:27.000+0000
006gK00000Mlg0XQAR,Olivia Campbell Residence - 13.2kW Rooftop Solar,Hemayet Hossain,2026-08-24T15:31:14.000+0000
006gK00000MmB1eQAF,Olivia Campbell Residence - 13.2kW Rooftop Solar,Hemayet Hossain,2026-08-24T15:30:52.000+0000
006gK00000Mlg0hQAB,Olivia Campbell Residence - 13.2kW Rooftop Solar,Hemayet Hossain,2026-09-02T12:19:23.000+0000
006gK00000MmBECQA3,Olivia Campbell Residence - 13.2kW Rooftop Solar,Hemayet Hossain,2026-08-24T15:30:52.000+0000
006gK00000MlfzZQAR,Olivia Campbell Residence - 13.2kW Rooftop Solar,Hemayet Hossain,2026-08-24T15:30:52.000+0000
006gK00000MmBDkQAN,Olivia Campbell Residence - 13.2kW Rooftop Solar,Hemayet Hossain,2026-08-17T07:54:14.000+0000
006gK00000MmB40QAF,Olivia Campbell Residence - 13.2kW Rooftop Solar,Hemayet Hossain,2026-09-02T12:19:24.000+0000
006gK00000MmBAwQAN,Olivia Campbell Residence - 13.2kW Rooftop Solar,Hemayet Hossain,2026-09-02T12:19:27.000+0000
006gK00000MlfzPQAR,Olivia Campbell Residence - 13.2kW Rooftop Solar,Hemayet Hossain,2026-09-02T12:19:22.000+0000
006gK00000MmB6yQAF,Olivia Campbell Residence - 13.2kW Rooftop Solar,Hemayet Hossain,2026-08-24T15:30:52.000+0000
006gK00000MmB26QAF,Olivia Campbell Residence - 13.2kW Rooftop Solar,Hemayet Hossain,2026-08-24T15:31:14.000+0000
006gK00000MmB33QAF,Olivia Campbell Residence - 6.6kW Rooftop Solar,Hemayet Hossain,2026-09-02T12:19:23.000+0000
006gK00000MmB2bQAF,Olivia Campbell Residence - 6.6kW Rooftop Solar,Hemayet Hossain,2026-09-02T12:19:23.000+0000
006gK00000MmB6JQAV,Olivia Campbell Residence - 6.6kW Rooftop Solar,Hemayet Hossain,2026-09-02T12:19:25.000+0000
006gK00000MmB9XQAV,Olivia Campbell Residence - 6.6kW Rooftop Solar,Hemayet Hossain,2026-09-02T12:19:26.000+0000
006gK00000MmB4xQAF,Olivia Campbell Residence - 6.6kW Rooftop Solar,Hemayet Hossain,2026-09-02T12:19:25.000+0000
006gK00000MmB5rQAF,Olivia Campbell Residence - 6.6kW Rooftop Solar,Hemayet Hossain,2026-09-02T12:19:25.000+0000
006gK00000MmBCnQAN,Olivia Campbell Residence - 6.6kW Rooftop Solar,Hemayet Hossain,2026-09-02T12:19:28.000+0000
006gK00000MmBBtQAN,Olivia Campbell Residence - 6.6kW Rooftop Solar,Hemayet Hossain,2026-09-02T12:19:27.000+0000
006gK00000MmB9zQAF,Olivia Campbell Residence - 6.6kW Rooftop Solar,Hemayet Hossain,2026-09-02T12:19:27.000+0000
006gK00000MmBDFQA3,Olivia Campbell Residence - 6.6kW Rooftop Solar,Hemayet Hossain,2026-09-02T12:19:28.000+0000
006gK00000MmBEhQAN,Olivia Campbell Residence - 6.6kW Rooftop Solar,Hemayet Hossain,2026-09-02T12:19:29.000+0000
006gK00000MmB9sQAF,Robert Chen Residence - 13.2kW Rooftop Solar,Hemayet Hossain,2026-08-17T07:54:13.000+0000
006gK00000MmB2wQAF,Robert Chen Residence - 13.2kW Rooftop Solar,Hemayet Hossain,2026-08-17T07:54:12.000+0000
006gK00000MmB3OQAV,Robert Chen Residence - 13.2kW Rooftop Solar,Hemayet Hossain,2026-08-24T15:30:49.000+0000
006gK00000MmBAKQA3,Robert Chen Residence - 13.2kW Rooftop Solar,Hemayet Hossain,2026-08-24T15:30:49.000+0000
006gK00000MmB6CQAV,Robert Chen Residence - 13.2kW Rooftop Solar,Hemayet Hossain,2026-09-02T12:19:25.000+0000
006gK00000MmBBEQA3,Robert Chen Residence - 13.2kW Rooftop Solar,Hemayet Hossain,2026-08-24T15:30:49.000+0000
006gK00000MmB4IQAV,Robert Chen Residence - 13.2kW Rooftop Solar,Hemayet Hossain,2026-08-24T15:30:49.000+0000
006gK00000MmBD8QAN,Robert Chen Residence - 13.2kW Rooftop Solar,Hemayet Hossain,2026-09-02T12:19:28.000+0000
006gK00000MmBEXQA3,Robert Chen Residence - 6.6kW Rooftop Solar,Hemayet Hossain,2026-09-02T12:19:29.000+0000
006gK00000MlfzUQAR,Robert Chen Residence - 6.6kW Rooftop Solar,Hemayet Hossain,2026-09-02T12:19:22.000+0000
006gK00000MmB9NQAV,Robert Chen Residence - 6.6kW Rooftop Solar,Hemayet Hossain,2026-09-02T12:19:26.000+0000
006gK00000MmBUYQA3,Robert Chen Residence - 6.6kW Rooftop Solar,Hemayet Hossain,2026-09-02T12:19:29.000+0000
006gK00000MmB5FQAV,Robert Chen Residence - 6.6kW Rooftop Solar,Hemayet Hossain,2026-09-02T12:19:25.000+0000
006gK00000MmBUOQA3,Robert Chen Residence - 6.6kW Rooftop Solar,Hemayet Hossain,2026-09-02T12:19:29.000+0000
006gK00000MmBBHQA3,Robert Chen Residence - 6.6kW Rooftop Solar,Hemayet Hossain,2026-09-02T12:19:27.000+0000
006gK00000MmB7JQAV,Robert Chen Residence - 6.6kW Rooftop Solar,Hemayet Hossain,2026-09-02T12:19:26.000+0000
006gK00000MlfzeQAB,Robert Chen Residence - 6.6kW Rooftop Solar,Hemayet Hossain,2026-09-02T12:19:22.000+0000
006gK00000MmB1zQAF,Robert Chen Residence - 6.6kW Rooftop Solar,Hemayet Hossain,2026-09-02T12:19:23.000+0000
006gK00000MmBE5QAN,Robert Chen Residence - 6.6kW Rooftop Solar,Hemayet Hossain,2026-09-02T12:19:28.000+0000
006gK00000MmB4LQAV,Robert Chen Residence - 6.6kW Rooftop Solar,Hemayet Hossain,2026-09-02T12:19:25.000+0000
006gK00000MmB2RQAV,Robert Chen Residence - 6.6kW Rooftop Solar,Hemayet Hossain,2026-09-02T12:19:23.000+0000
006gK00000MmBCBQA3,Robert Chen Residence - 6.6kW Rooftop Solar,Hemayet Hossain,2026-09-02T12:19:27.000+0000
006gK00000MmBAeQAN,Ruby Harris Residence - 13.2kW Rooftop Solar,Hemayet Hossain,2026-08-24T15:30:59.000+0000
006gK00000MmB3GQAV,Ruby Harris Residence - 13.2kW Rooftop Solar,Hemayet Hossain,2026-08-24T15:30:59.000+0000
006gK00000MlfzlQAB,Ruby Harris Residence - 13.2kW Rooftop Solar,Hemayet Hossain,2026-08-24T15:30:59.000+0000
006gK00000MmBUVQA3,Ruby Harris Residence - 13.2kW Rooftop Solar,Hemayet Hossain,2026-09-02T12:19:29.000+0000
006gK00000MmBDSQA3,Ruby Harris Residence - 13.2kW Rooftop Solar,Hemayet Hossain,2026-09-02T12:19:28.000+0000
006gK00000MmB6WQAV,Ruby Harris Residence - 13.2kW Rooftop Solar,Hemayet Hossain,2026-09-02T12:19:25.000+0000
006gK00000MmBUfQAN,Ruby Harris Residence - 13.2kW Rooftop Solar,Hemayet Hossain,2026-08-17T07:54:20.000+0000
006gK00000MmB5cQAF,Ruby Harris Residence - 13.2kW Rooftop Solar,Hemayet Hossain,2026-09-02T12:19:25.000+0000
006gK00000MmBACQA3,Ruby Harris Residence - 13.2kW Rooftop Solar,Hemayet Hossain,2026-08-24T15:30:59.000+0000
006gK00000MmBCYQA3,Ruby Harris Residence - 13.2kW Rooftop Solar,Hemayet Hossain,2026-09-02T12:19:28.000+0000
006gK00000MmB3iQAF,Ruby Harris Residence - 13.2kW Rooftop Solar,Hemayet Hossain,2026-08-24T15:30:59.000+0000
006gK00000MmB7gQAF,Ruby Harris Residence - 13.2kW Rooftop Solar,Hemayet Hossain,2026-08-24T15:30:59.000+0000
006gK00000MmB2MQAV,Ruby Harris Residence - 13.2kW Rooftop Solar,Hemayet Hossain,2026-08-24T15:30:59.000+0000
006gK00000MlfzvQAB,Ruby Harris Residence - 13.2kW Rooftop Solar,Hemayet Hossain,2026-09-02T12:19:22.000+0000
006gK00000MmB2JQAV,Ruby Harris Residence - 6.6kW Rooftop Solar,Hemayet Hossain,2026-09-02T12:19:23.000+0000
006gK00000MmB6jQAF,Ruby Harris Residence - 6.6kW Rooftop Solar,Hemayet Hossain,2026-09-02T12:19:25.000+0000
006gK00000MmBEPQA3,Ruby Harris Residence - 6.6kW Rooftop Solar,Hemayet Hossain,2026-09-02T12:19:29.000+0000
006gK00000MmB4DQAV,Ruby Harris Residence - 6.6kW Rooftop Solar,Hemayet Hossain,2026-09-02T12:19:25.000+0000
006gK00000MmBBbQAN,Ruby Harris Residence - 6.6kW Rooftop Solar,Hemayet Hossain,2026-09-02T12:19:27.000+0000
006gK00000MmB7dQAF,Ruby Harris Residence - 6.6kW Rooftop Solar,Hemayet Hossain,2026-09-02T12:19:26.000+0000
006gK00000MmB1PQAV,Ruby Harris Residence - 6.6kW Rooftop Solar,Hemayet Hossain,2026-09-02T12:19:23.000+0000
006gK00000MmBB9QAN,Ruby Harris Residence - 6.6kW Rooftop Solar,Hemayet Hossain,2026-09-02T12:19:27.000+0000
006gK00000MmBDVQA3,Ruby Harris Residence - 6.6kW Rooftop Solar,Hemayet Hossain,2026-09-02T12:19:28.000+0000
006gK00000MmB6ZQAV,Ruby Harris Residence - 6.6kW Rooftop Solar,Hemayet Hossain,2026-09-02T12:19:25.000+0000
006gK00000MmB4fQAF,Ruby Harris Residence - 6.6kW Rooftop Solar,Hemayet Hossain,2026-09-02T12:19:25.000+0000
006gK00000MmB9pQAF,Ryan Singh Residence - 6.6kW Rooftop Solar,Hemayet Hossain,2026-09-02T12:19:26.000+0000
006gK00000MmBAnQAN,Ryan Singh Residence - 6.6kW Rooftop Solar,Hemayet Hossain,2026-09-02T12:19:27.000+0000
006gK00000MmBUmQAN,Ryan Singh Residence - 6.6kW Rooftop Solar,Hemayet Hossain,2026-09-02T12:19:29.000+0000
006gK00000MmB5TQAV,Ryan Singh Residence - 6.6kW Rooftop Solar,Hemayet Hossain,2026-09-02T12:19:25.000+0000
006gK00000MmBB7QAN,Ryan Singh Residence - 6.6kW Rooftop Solar,Hemayet Hossain,2026-09-02T12:19:27.000+0000
006gK00000MmB59QAF,Ryan Singh Residence - 6.6kW Rooftop Solar,Hemayet Hossain,2026-09-02T12:19:25.000+0000
006gK00000MmBBRQA3,Ryan Singh Residence - 6.6kW Rooftop Solar,Hemayet Hossain,2026-09-02T12:19:27.000+0000
006gK00000MmB4pQAF,Ryan Singh Residence - 6.6kW Rooftop Solar,Hemayet Hossain,2026-09-02T12:19:25.000+0000
006gK00000MmBBlQAN,Ryan Singh Residence - 6.6kW Rooftop Solar,Hemayet Hossain,2026-09-02T12:19:27.000+0000
006gK00000MmB4VQAV,Ryan Singh Residence - 6.6kW Rooftop Solar,Hemayet Hossain,2026-09-02T12:19:25.000+0000
006gK00000MmBC5QAN,Ryan Singh Residence - 6.6kW Rooftop Solar,Hemayet Hossain,2026-09-02T12:19:27.000+0000
006gK00000MmB4BQAV,Ryan Singh Residence - 6.6kW Rooftop Solar,Hemayet Hossain,2026-09-02T12:19:25.000+0000
006gK00000MmBUwQAN,Ryan Singh Residence - 6.6kW Rooftop Solar,Hemayet Hossain,2026-09-02T12:19:29.000+0000
006gK00000MmBCPQA3,Ryan Singh Residence - 6.6kW Rooftop Solar,Hemayet Hossain,2026-09-02T12:19:28.000+0000
006gK00000MmB3rQAF,Ryan Singh Residence - 6.6kW Rooftop Solar,Hemayet Hossain,2026-09-02T12:19:24.000+0000
006gK00000MmB5nQAF,Ryan Singh Residence - 6.6kW Rooftop Solar,Hemayet Hossain,2026-09-02T12:19:25.000+0000
006gK00000MmB3XQAV,Ryan Singh Residence - 6.6kW Rooftop Solar,Hemayet Hossain,2026-09-02T12:19:24.000+0000
006gK00000MmBCjQAN,Ryan Singh Residence - 6.6kW Rooftop Solar,Hemayet Hossain,2026-09-02T12:19:28.000+0000
006gK00000MmB3DQAV,Ryan Singh Residence - 6.6kW Rooftop Solar,Hemayet Hossain,2026-09-02T12:19:24.000+0000
006gK00000MmB6vQAF,Ryan Singh Residence - 6.6kW Rooftop Solar,Hemayet Hossain,2026-09-02T12:19:26.000+0000
006gK00000MmBD3QAN,Ryan Singh Residence - 6.6kW Rooftop Solar,Hemayet Hossain,2026-09-02T12:19:28.000+0000
006gK00000MmB2tQAF,Ryan Singh Residence - 6.6kW Rooftop Solar,Hemayet Hossain,2026-09-02T12:19:23.000+0000
006gK00000MmBDNQA3,Ryan Singh Residence - 6.6kW Rooftop Solar,Hemayet Hossain,2026-09-02T12:19:28.000+0000
006gK00000MmB2ZQAV,Ryan Singh Residence - 6.6kW Rooftop Solar,Hemayet Hossain,2026-09-02T12:19:23.000+0000
006gK00000MmB7FQAV,Ryan Singh Residence - 6.6kW Rooftop Solar,Hemayet Hossain,2026-09-02T12:19:26.000+0000
006gK00000MmBDhQAN,Ryan Singh Residence - 6.6kW Rooftop Solar,Hemayet Hossain,2026-09-02T12:19:28.000+0000
006gK00000MmB2FQAV,Ryan Singh Residence - 6.6kW Rooftop Solar,Hemayet Hossain,2026-09-02T12:19:23.000+0000
006gK00000MmB7ZQAV,Ryan Singh Residence - 6.6kW Rooftop Solar,Hemayet Hossain,2026-09-02T12:19:26.000+0000
006gK00000MmBE1QAN,Ryan Singh Residence - 6.6kW Rooftop Solar,Hemayet Hossain,2026-09-02T12:19:28.000+0000
006gK00000MmB1vQAF,Ryan Singh Residence - 6.6kW Rooftop Solar,Hemayet Hossain,2026-09-02T12:19:23.000+0000
006gK00000MmB9VQAV,Ryan Singh Residence - 6.6kW Rooftop Solar,Hemayet Hossain,2026-09-02T12:19:26.000+0000
006gK00000MmBELQA3,Ryan Singh Residence - 6.6kW Rooftop Solar,Hemayet Hossain,2026-09-02T12:19:29.000+0000
006gK00000MmB1bQAF,Ryan Singh Residence - 6.6kW Rooftop Solar,Hemayet Hossain,2026-09-02T12:19:23.000+0000
006gK00000MmBEfQAN,Ryan Singh Residence - 6.6kW Rooftop Solar,Hemayet Hossain,2026-09-02T12:19:29.000+0000
006gK00000Mlg02QAB,Ryan Singh Residence - 6.6kW Rooftop Solar,Hemayet Hossain,2026-09-02T12:19:22.000+0000
006gK00000MmBA9QAN,Ryan Singh Residence - 6.6kW Rooftop Solar,Hemayet Hossain,2026-09-02T12:19:27.000+0000
006gK00000MmBATQA3,Ryan Singh Residence - 6.6kW Rooftop Solar,Hemayet Hossain,2026-09-02T12:19:27.000+0000
006gK00000MmB67QAF,Ryan Singh Residence - 6.6kW Rooftop Solar,Hemayet Hossain,2026-09-02T12:19:25.000+0000
006gK00000MmB6RQAV,Ryan Singh Residence - 6.6kW Rooftop Solar,Hemayet Hossain,2026-09-02T12:19:25.000+0000
006gK00000MmB24QAF,Samuel Fitzgerald Residence - 13.2kW Rooftop Solar,Hemayet Hossain,2026-09-02T12:19:23.000+0000
006gK00000MmBBoQAN,Samuel Fitzgerald Residence - 13.2kW Rooftop Solar,Hemayet Hossain,2026-08-24T15:31:11.000+0000
006gK00000MmB7OQAV,Samuel Fitzgerald Residence - 13.2kW Rooftop Solar,Hemayet Hossain,2026-09-02T12:19:26.000+0000
006gK00000MmB3yQAF,Samuel Fitzgerald Residence - 13.2kW Rooftop Solar,Hemayet Hossain,2026-08-17T07:54:12.000+0000
006gK00000MmBAuQAN,Samuel Fitzgerald Residence - 13.2kW Rooftop Solar,Hemayet Hossain,2026-08-17T07:54:13.000+0000
006gK00000MmBEAQA3,Samuel Fitzgerald Residence - 13.2kW Rooftop Solar,Hemayet Hossain,2026-09-02T12:19:28.000+0000
006gK00000MmB4sQAF,Samuel Fitzgerald Residence - 13.2kW Rooftop Solar,Hemayet Hossain,2026-08-24T15:31:11.000+0000
006gK00000MmB9xQAF,Samuel Fitzgerald Residence - 6.6kW Rooftop Solar,Hemayet Hossain,2026-09-02T12:19:26.000+0000
006gK00000MmB27QAF,Samuel Fitzgerald Residence - 6.6kW Rooftop Solar,Hemayet Hossain,2026-09-02T12:19:23.000+0000
006gK00000MmBDDQA3,Samuel Fitzgerald Residence - 6.6kW Rooftop Solar,Hemayet Hossain,2026-09-02T12:19:28.000+0000
006gK00000MmB6HQAV,Samuel Fitzgerald Residence - 6.6kW Rooftop Solar,Hemayet Hossain,2026-09-02T12:19:25.000+0000
006gK00000MmB5pQAF,Samuel Fitzgerald Residence - 6.6kW Rooftop Solar,Hemayet Hossain,2026-09-02T12:19:25.000+0000
006gK00000MlfzGQAR,Samuel Fitzgerald Residence - 6.6kW Rooftop Solar,Hemayet Hossain,2026-09-02T12:19:22.000+0000
006gK00000MmBV8QAN,Samuel Fitzgerald Residence - 6.6kW Rooftop Solar,Hemayet Hossain,2026-09-02T12:19:29.000+0000
006gK00000Mlg0OQAR,Samuel Fitzgerald Residence - 6.6kW Rooftop Solar,Hemayet Hossain,2026-09-02T12:19:23.000+0000
006gK00000Mlg0YQAR,Samuel Fitzgerald Residence - 6.6kW Rooftop Solar,Hemayet Hossain,2026-09-02T12:19:23.000+0000
006gK00000MmBClQAN,Samuel Fitzgerald Residence - 6.6kW Rooftop Solar,Hemayet Hossain,2026-09-02T12:19:28.000+0000
006gK00000MmB31QAF,Samuel Fitzgerald Residence - 6.6kW Rooftop Solar,Hemayet Hossain,2026-09-02T12:19:23.000+0000
006gK00000MmB7RQAV,Samuel Fitzgerald Residence - 6.6kW Rooftop Solar,Hemayet Hossain,2026-09-02T12:19:26.000+0000
006gK00000MmBBrQAN,Samuel Fitzgerald Residence - 6.6kW Rooftop Solar,Hemayet Hossain,2026-09-02T12:19:27.000+0000
006gK00000MmB4vQAF,Samuel Fitzgerald Residence - 6.6kW Rooftop Solar,Hemayet Hossain,2026-09-02T12:19:25.000+0000
006gK00000MmB9qQAF,Sarah Barnes Residence - 13.2kW Rooftop Solar,Hemayet Hossain,2026-09-02T12:19:26.000+0000
006gK00000MmB6wQAF,Sarah Barnes Residence - 13.2kW Rooftop Solar,Hemayet Hossain,2026-09-02T12:19:26.000+0000
006gK00000MmB4CQAV,Sarah Barnes Residence - 13.2kW Rooftop Solar,Hemayet Hossain,2026-09-02T12:19:25.000+0000
006gK00000MmB4WQAV,Sarah Barnes Residence - 13.2kW Rooftop Solar,Hemayet Hossain,2026-09-02T12:19:25.000+0000
006gK00000MmB9WQAV,Sarah Barnes Residence - 13.2kW Rooftop Solar,Hemayet Hossain,2026-09-02T12:19:26.000+0000
006gK00000MmBBSQA3,Sarah Barnes Residence - 13.2kW Rooftop Solar,Hemayet Hossain,2026-09-02T12:19:27.000+0000
006gK00000MmB7GQAV,Sarah Barnes Residence - 13.2kW Rooftop Solar,Hemayet Hossain,2026-09-02T12:19:26.000+0000
006gK00000MmBAAQA3,Sarah Barnes Residence - 13.2kW Rooftop Solar,Hemayet Hossain,2026-09-02T12:19:27.000+0000
006gK00000MmBCkQAN,Sarah Barnes Residence - 13.2kW Rooftop Solar,Hemayet Hossain,2026-09-02T12:19:28.000+0000
006gK00000MmB3EQAV,Sarah Barnes Residence - 13.2kW Rooftop Solar,Hemayet Hossain,2026-09-02T12:19:24.000+0000
006gK00000MmB6SQAV,Sarah Barnes Residence - 13.2kW Rooftop Solar,Hemayet Hossain,2026-09-02T12:19:25.000+0000
006gK00000MmBDOQA3,Sarah Barnes Residence - 13.2kW Rooftop Solar,Hemayet Hossain,2026-09-02T12:19:28.000+0000
006gK00000MmBD4QAN,Sarah Barnes Residence - 13.2kW Rooftop Solar,Hemayet Hossain,2026-09-02T12:19:28.000+0000
006gK00000MmB5UQAV,Sarah Barnes Residence - 13.2kW Rooftop Solar,Hemayet Hossain,2026-09-02T12:19:25.000+0000
006gK00000MmB3YQAV,Sarah Barnes Residence - 13.2kW Rooftop Solar,Hemayet Hossain,2026-09-02T12:19:24.000+0000
006gK00000MmBC6QAN,Sarah Barnes Residence - 13.2kW Rooftop Solar,Hemayet Hossain,2026-09-02T12:19:27.000+0000
006gK00000MmBAUQA3,Sarah Barnes Residence - 13.2kW Rooftop Solar,Hemayet Hossain,2026-09-02T12:19:27.000+0000
006gK00000MmB2aQAF,Sarah Barnes Residence - 13.2kW Rooftop Solar,Hemayet Hossain,2026-09-02T12:19:23.000+0000
006gK00000MmB1cQAF,Sarah Barnes Residence - 13.2kW Rooftop Solar,Hemayet Hossain,2026-09-02T12:19:23.000+0000
006gK00000MmB7aQAF,Sarah Barnes Residence - 13.2kW Rooftop Solar,Hemayet Hossain,2026-09-02T12:19:26.000+0000
006gK00000MmBB8QAN,Sarah Barnes Residence - 13.2kW Rooftop Solar,Hemayet Hossain,2026-09-02T12:19:27.000+0000
006gK00000MmBCQQA3,Sarah Barnes Residence - 13.2kW Rooftop Solar,Hemayet Hossain,2026-09-02T12:19:28.000+0000
006gK00000MmB3sQAF,Sarah Barnes Residence - 13.2kW Rooftop Solar,Hemayet Hossain,2026-09-02T12:19:24.000+0000
006gK00000Mlg0TQAR,Sarah Barnes Residence - 13.2kW Rooftop Solar,Hemayet Hossain,2026-08-17T07:54:20.000+0000
006gK00000MmB5AQAV,Sarah Barnes Residence - 13.2kW Rooftop Solar,Hemayet Hossain,2026-09-02T12:19:25.000+0000
006gK00000MmB2GQAV,Sarah Barnes Residence - 13.2kW Rooftop Solar,Hemayet Hossain,2026-09-02T12:19:23.000+0000
006gK00000Mlg0dQAB,Sarah Barnes Residence - 13.2kW Rooftop Solar,Hemayet Hossain,2026-09-02T12:19:23.000+0000
006gK00000MmBAoQAN,Sarah Barnes Residence - 13.2kW Rooftop Solar,Hemayet Hossain,2026-09-02T12:19:27.000+0000
006gK00000MmB68QAF,Sarah Barnes Residence - 13.2kW Rooftop Solar,Hemayet Hossain,2026-09-02T12:19:25.000+0000
006gK00000MmBDiQAN,Sarah Barnes Residence - 13.2kW Rooftop Solar,Hemayet Hossain,2026-09-02T12:19:28.000+0000
006gK00000MmBEgQAN,Sarah Barnes Residence - 13.2kW Rooftop Solar,Hemayet Hossain,2026-09-02T12:19:29.000+0000
006gK00000MmB5oQAF,Sarah Barnes Residence - 13.2kW Rooftop Solar,Hemayet Hossain,2026-09-02T12:19:25.000+0000
006gK00000MmBBmQAN,Sarah Barnes Residence - 13.2kW Rooftop Solar,Hemayet Hossain,2026-09-02T12:19:27.000+0000
006gK00000MmB4qQAF,Sarah Barnes Residence - 13.2kW Rooftop Solar,Hemayet Hossain,2026-09-02T12:19:25.000+0000
006gK00000MmB2uQAF,Sarah Barnes Residence - 13.2kW Rooftop Solar,Hemayet Hossain,2026-09-02T12:19:23.000+0000
006gK00000MlfzLQAR,Sarah Barnes Residence - 13.2kW Rooftop Solar,Hemayet Hossain,2026-09-02T12:19:22.000+0000
006gK00000MmBE2QAN,Sarah Barnes Residence - 13.2kW Rooftop Solar,Hemayet Hossain,2026-09-02T12:19:28.000+0000
006gK00000MmB1wQAF,Sarah Barnes Residence - 13.2kW Rooftop Solar,Hemayet Hossain,2026-09-02T12:19:23.000+0000
006gK00000MmBEMQA3,Sarah Barnes Residence - 13.2kW Rooftop Solar,Hemayet Hossain,2026-09-02T12:19:29.000+0000
006gK00000MlfzjQAB,Sienna Lewis Residence - 13.2kW Rooftop Solar,Hemayet Hossain,2026-09-02T12:19:22.000+0000
006gK00000MlfztQAB,Sienna Lewis Residence - 13.2kW Rooftop Solar,Hemayet Hossain,2026-08-24T15:30:44.000+0000
006gK00000MmBUdQAN,Sienna Lewis Residence - 13.2kW Rooftop Solar,Hemayet Hossain,2026-09-02T12:19:29.000+0000
006gK00000MmBUTQA3,Sienna Lewis Residence - 13.2kW Rooftop Solar,Hemayet Hossain,2026-08-24T15:30:44.000+0000
006gK00000MmB5hQAF,Sienna Lewis Residence - 6.6kW Rooftop Solar,Hemayet Hossain,2026-09-02T12:19:25.000+0000
006gK00000MmBCxQAN,Sienna Lewis Residence - 6.6kW Rooftop Solar,Hemayet Hossain,2026-09-02T12:19:28.000+0000
006gK00000MmBANQA3,Sienna Lewis Residence - 6.6kW Rooftop Solar,Hemayet Hossain,2026-09-02T12:19:27.000+0000
006gK00000MmB37QAF,Sienna Lewis Residence - 6.6kW Rooftop Solar,Hemayet Hossain,2026-09-02T12:19:24.000+0000
006gK00000MmBCJQA3,Sienna Lewis Residence - 6.6kW Rooftop Solar,Hemayet Hossain,2026-09-02T12:19:27.000+0000
006gK00000MmB45QAF,Sienna Lewis Residence - 6.6kW Rooftop Solar,Hemayet Hossain,2026-09-02T12:19:25.000+0000
006gK00000MmBDHQA3,Sienna Lewis Residence - 6.6kW Rooftop Solar,Hemayet Hossain,2026-09-02T12:19:28.000+0000
006gK00000MmB79QAF,Sienna Lewis Residence - 6.6kW Rooftop Solar,Hemayet Hossain,2026-09-02T12:19:26.000+0000
006gK00000MmB7TQAV,Sienna Lewis Residence - 6.6kW Rooftop Solar,Hemayet Hossain,2026-09-02T12:19:26.000+0000
006gK00000MmB2nQAF,Sienna Lewis Residence - 6.6kW Rooftop Solar,Hemayet Hossain,2026-09-02T12:19:23.000+0000
006gK00000MmB6pQAF,Sienna Lewis Residence - 6.6kW Rooftop Solar,Hemayet Hossain,2026-09-02T12:19:26.000+0000
006gK00000MmBDbQAN,Sienna Lewis Residence - 6.6kW Rooftop Solar,Hemayet Hossain,2026-09-02T12:19:28.000+0000
006gK00000MmB2TQAV,Sienna Lewis Residence - 6.6kW Rooftop Solar,Hemayet Hossain,2026-09-02T12:19:23.000+0000
006gK00000MmBBzQAN,Sienna Lewis Residence - 6.6kW Rooftop Solar,Hemayet Hossain,2026-09-02T12:19:27.000+0000
006gK00000MmB4PQAV,Sienna Lewis Residence - 6.6kW Rooftop Solar,Hemayet Hossain,2026-09-02T12:19:25.000+0000
006gK00000MmBDvQAN,Sienna Lewis Residence - 6.6kW Rooftop Solar,Hemayet Hossain,2026-09-02T12:19:28.000+0000
006gK00000MmB29QAF,Sienna Lewis Residence - 6.6kW Rooftop Solar,Hemayet Hossain,2026-09-02T12:19:23.000+0000
006gK00000MmB4jQAF,Sienna Lewis Residence - 6.6kW Rooftop Solar,Hemayet Hossain,2026-09-02T12:19:25.000+0000
006gK00000MmBEFQA3,Sienna Lewis Residence - 6.6kW Rooftop Solar,Hemayet Hossain,2026-09-02T12:19:28.000+0000
006gK00000MmBBfQAN,Sienna Lewis Residence - 6.6kW Rooftop Solar,Hemayet Hossain,2026-09-02T12:19:27.000+0000
006gK00000MmBAhQAN,Sienna Lewis Residence - 6.6kW Rooftop Solar,Hemayet Hossain,2026-09-02T12:19:27.000+0000
006gK00000MmB1pQAF,Sienna Lewis Residence - 6.6kW Rooftop Solar,Hemayet Hossain,2026-09-02T12:19:23.000+0000
006gK00000MmB61QAF,Sienna Lewis Residence - 6.6kW Rooftop Solar,Hemayet Hossain,2026-09-02T12:19:25.000+0000
006gK00000MmBEZQA3,Sienna Lewis Residence - 6.6kW Rooftop Solar,Hemayet Hossain,2026-09-02T12:19:29.000+0000
006gK00000MmB53QAF,Sienna Lewis Residence - 6.6kW Rooftop Solar,Hemayet Hossain,2026-09-02T12:19:25.000+0000
006gK00000MmB1VQAV,Sienna Lewis Residence - 6.6kW Rooftop Solar,Hemayet Hossain,2026-09-02T12:19:23.000+0000
006gK00000MmB9PQAV,Sienna Lewis Residence - 6.6kW Rooftop Solar,Hemayet Hossain,2026-09-02T12:19:26.000+0000
006gK00000MmBBLQA3,Sienna Lewis Residence - 6.6kW Rooftop Solar,Hemayet Hossain,2026-09-02T12:19:27.000+0000
006gK00000MmB5NQAV,Sienna Lewis Residence - 6.6kW Rooftop Solar,Hemayet Hossain,2026-09-02T12:19:25.000+0000
006gK00000MmBB1QAN,Sienna Lewis Residence - 6.6kW Rooftop Solar,Hemayet Hossain,2026-09-02T12:19:27.000+0000
006gK00000MmBA3QAN,Sienna Lewis Residence - 6.6kW Rooftop Solar,Hemayet Hossain,2026-09-02T12:19:27.000+0000
006gK00000MmB6LQAV,Sienna Lewis Residence - 6.6kW Rooftop Solar,Hemayet Hossain,2026-09-02T12:19:25.000+0000
006gK00000MmB3lQAF,Sienna Lewis Residence - 6.6kW Rooftop Solar,Hemayet Hossain,2026-09-02T12:19:24.000+0000
006gK00000MmBCdQAN,Sienna Lewis Residence - 6.6kW Rooftop Solar,Hemayet Hossain,2026-09-02T12:19:28.000+0000
006gK00000MmB9jQAF,Sienna Lewis Residence - 6.6kW Rooftop Solar,Hemayet Hossain,2026-09-02T12:19:26.000+0000
006gK00000MmB3RQAV,Sienna Lewis Residence - 6.6kW Rooftop Solar,Hemayet Hossain,2026-09-02T12:19:24.000+0000
006gK00000MmBUpQAN,Sophie Wilson Residence - 13.2kW Rooftop Solar,Hemayet Hossain,2026-09-02T12:19:29.000+0000
006gK00000Mlg05QAB,Sophie Wilson Residence - 13.2kW Rooftop Solar,Hemayet Hossain,2026-08-24T15:30:47.000+0000
006gK00000MmBUzQAN,Sophie Wilson Residence - 13.2kW Rooftop Solar,Hemayet Hossain,2026-08-24T15:30:47.000+0000
006gK00000Mlg0FQAR,Sophie Wilson Residence - 13.2kW Rooftop Solar,Hemayet Hossain,2026-09-02T12:19:23.000+0000
006gK00000MmBE4QAN,Thomas Hughes Residence - 13.2kW Rooftop Solar,Hemayet Hossain,2026-08-17T07:54:14.000+0000
006gK00000MmB4KQAV,Thomas Hughes Residence - 13.2kW Rooftop Solar,Hemayet Hossain,2026-09-02T12:19:25.000+0000
006gK00000MmBBGQA3,Thomas Hughes Residence - 13.2kW Rooftop Solar,Hemayet Hossain,2026-09-02T12:19:27.000+0000
006gK00000MmB1yQAF,Thomas Hughes Residence - 13.2kW Rooftop Solar,Hemayet Hossain,2026-08-24T15:30:35.000+0000
006gK00000MmB5EQAV,Thomas Hughes Residence - 13.2kW Rooftop Solar,Hemayet Hossain,2026-09-02T12:19:25.000+0000
006gK00000MmB2QQAV,Thomas Hughes Residence - 13.2kW Rooftop Solar,Hemayet Hossain,2026-08-24T15:30:35.000+0000
006gK00000MmBEWQA3,Thomas Hughes Residence - 13.2kW Rooftop Solar,Hemayet Hossain,2026-08-24T15:30:35.000+0000
006gK00000MmB7IQAV,Thomas Hughes Residence - 13.2kW Rooftop Solar,Hemayet Hossain,2026-08-24T15:30:35.000+0000
006gK00000MmB7kQAF,Thomas Hughes Residence - 13.2kW Rooftop Solar,Hemayet Hossain,2026-08-24T15:30:35.000+0000
006gK00000MmBCAQA3,Thomas Hughes Residence - 13.2kW Rooftop Solar,Hemayet Hossain,2026-09-02T12:19:27.000+0000
006gK00000Mlg0UQAR,Thomas Hughes Residence - 6.6kW Rooftop Solar,Hemayet Hossain,2026-09-02T12:19:23.000+0000
006gK00000MmB2vQAF,Thomas Hughes Residence - 6.6kW Rooftop Solar,Hemayet Hossain,2026-09-02T12:19:23.000+0000
006gK00000MmBAJQA3,Thomas Hughes Residence - 6.6kW Rooftop Solar,Hemayet Hossain,2026-09-02T12:19:27.000+0000
006gK00000MmBD7QAN,Thomas Hughes Residence - 6.6kW Rooftop Solar,Hemayet Hossain,2026-09-02T12:19:28.000+0000
006gK00000MmB9rQAF,Thomas Hughes Residence - 6.6kW Rooftop Solar,Hemayet Hossain,2026-09-02T12:19:26.000+0000
006gK00000MmB6nQAF,Thomas Hughes Residence - 6.6kW Rooftop Solar,Hemayet Hossain,2026-09-02T12:19:25.000+0000
006gK00000MmB1TQAV,Thomas Hughes Residence - 6.6kW Rooftop Solar,Hemayet Hossain,2026-09-02T12:19:23.000+0000
006gK00000MlfzMQAR,Thomas Hughes Residence - 6.6kW Rooftop Solar,Hemayet Hossain,2026-09-02T12:19:22.000+0000
006gK00000MmBDZQA3,Thomas Hughes Residence - 6.6kW Rooftop Solar,Hemayet Hossain,2026-09-02T12:19:28.000+0000
006gK00000MmB3NQAV,Thomas Hughes Residence - 6.6kW Rooftop Solar,Hemayet Hossain,2026-09-02T12:19:24.000+0000
006gK00000MlfzWQAR,Thomas Hughes Residence - 6.6kW Rooftop Solar,Hemayet Hossain,2026-09-02T12:19:22.000+0000
006gK00000Mlg0eQAB,Thomas Hughes Residence - 6.6kW Rooftop Solar,Hemayet Hossain,2026-09-02T12:19:23.000+0000
006gK00000MmB4HQAV,Thomas Hughes Residence - 6.6kW Rooftop Solar,Hemayet Hossain,2026-09-02T12:19:25.000+0000
006gK00000MmB6BQAV,Thomas Hughes Residence - 6.6kW Rooftop Solar,Hemayet Hossain,2026-09-02T12:19:25.000+0000
006gK00000MmBBDQA3,Thomas Hughes Residence - 6.6kW Rooftop Solar,Hemayet Hossain,2026-09-02T12:19:27.000+0000
006gK00000MmBV4QAN,William Kowalski Residence - 6.6kW Rooftop Solar,Hemayet Hossain,2026-09-02T12:19:29.000+0000
006gK00000Mlg0KQAR,William Kowalski Residence - 6.6kW Rooftop Solar,Hemayet Hossain,2026-09-02T12:19:23.000+0000
006gK00000Mlg0AQAR,William Kowalski Residence - 6.6kW Rooftop Solar,Hemayet Hossain,2026-09-02T12:19:22.000+0000
006gK00000MlfzCQAR,William Kowalski Residence - 6.6kW Rooftop Solar,Hemayet Hossain,2026-09-02T12:19:22.000+0000
006gK00000MmBA6QAN,Zoe Foster Residence - 13.2kW Rooftop Solar,Hemayet Hossain,2026-09-02T12:19:27.000+0000
006gK00000MmB7CQAV,Zoe Foster Residence - 13.2kW Rooftop Solar,Hemayet Hossain,2026-09-02T12:19:26.000+0000
006gK00000MmBB4QAN,Zoe Foster Residence - 13.2kW Rooftop Solar,Hemayet Hossain,2026-09-02T12:19:27.000+0000
006gK00000MmB2CQAV,Zoe Foster Residence - 13.2kW Rooftop Solar,Hemayet Hossain,2026-09-02T12:19:23.000+0000
006gK00000MmB1YQAV,Zoe Foster Residence - 13.2kW Rooftop Solar,Hemayet Hossain,2026-09-02T12:19:23.000+0000
006gK00000MmBAQQA3,Zoe Foster Residence - 13.2kW Rooftop Solar,Hemayet Hossain,2026-09-02T12:19:27.000+0000
006gK00000Mlg0VQAR,Zoe Foster Residence - 13.2kW Rooftop Solar,Hemayet Hossain,2026-09-02T12:19:23.000+0000
006gK00000MmBC2QAN,Zoe Foster Residence - 13.2kW Rooftop Solar,Hemayet Hossain,2026-09-02T12:19:27.000+0000
006gK00000MmB5QQAV,Zoe Foster Residence - 13.2kW Rooftop Solar,Hemayet Hossain,2026-09-02T12:19:25.000+0000
006gK00000MmBDeQAN,Zoe Foster Residence - 13.2kW Rooftop Solar,Hemayet Hossain,2026-09-02T12:19:28.000+0000
006gK00000MmB7WQAV,Zoe Foster Residence - 13.2kW Rooftop Solar,Hemayet Hossain,2026-09-02T12:19:26.000+0000
006gK00000MmB6OQAV,Zoe Foster Residence - 13.2kW Rooftop Solar,Hemayet Hossain,2026-09-02T12:19:25.000+0000
006gK00000MmBDKQA3,Zoe Foster Residence - 13.2kW Rooftop Solar,Hemayet Hossain,2026-09-02T12:19:28.000+0000
006gK00000MmB56QAF,Zoe Foster Residence - 13.2kW Rooftop Solar,Hemayet Hossain,2026-09-02T12:19:25.000+0000
006gK00000MmB3AQAV,Zoe Foster Residence - 13.2kW Rooftop Solar,Hemayet Hossain,2026-09-02T12:19:24.000+0000
006gK00000Mlg0fQAB,Zoe Foster Residence - 13.2kW Rooftop Solar,Hemayet Hossain,2026-08-24T15:30:41.000+0000
006gK00000MmBCMQA3,Zoe Foster Residence - 13.2kW Rooftop Solar,Hemayet Hossain,2026-09-02T12:19:28.000+0000
006gK00000MmB4SQAV,Zoe Foster Residence - 13.2kW Rooftop Solar,Hemayet Hossain,2026-09-02T12:19:25.000+0000
006gK00000MmB2qQAF,Zoe Foster Residence - 13.2kW Rooftop Solar,Hemayet Hossain,2026-09-02T12:19:23.000+0000
006gK00000MmB48QAF,Zoe Foster Residence - 13.2kW Rooftop Solar,Hemayet Hossain,2026-09-02T12:19:25.000+0000
006gK00000MmB3oQAF,Zoe Foster Residence - 13.2kW Rooftop Solar,Hemayet Hossain,2026-09-02T12:19:24.000+0000
006gK00000MmBD0QAN,Zoe Foster Residence - 13.2kW Rooftop Solar,Hemayet Hossain,2026-09-02T12:19:28.000+0000
006gK00000MmB6sQAF,Zoe Foster Residence - 13.2kW Rooftop Solar,Hemayet Hossain,2026-09-02T12:19:26.000+0000
006gK00000MlfzXQAR,Zoe Foster Residence - 13.2kW Rooftop Solar,Hemayet Hossain,2026-09-02T12:19:22.000+0000
006gK00000MmB1sQAF,Zoe Foster Residence - 13.2kW Rooftop Solar,Hemayet Hossain,2026-09-02T12:19:23.000+0000
006gK00000MmBEIQA3,Zoe Foster Residence - 13.2kW Rooftop Solar,Hemayet Hossain,2026-09-02T12:19:29.000+0000
006gK00000MmB9mQAF,Zoe Foster Residence - 13.2kW Rooftop Solar,Hemayet Hossain,2026-09-02T12:19:26.000+0000
006gK00000MmB64QAF,Zoe Foster Residence - 13.2kW Rooftop Solar,Hemayet Hossain,2026-09-02T12:19:25.000+0000
006gK00000MmB5kQAF,Zoe Foster Residence - 13.2kW Rooftop Solar,Hemayet Hossain,2026-09-02T12:19:25.000+0000
006gK00000MmBBiQAN,Zoe Foster Residence - 13.2kW Rooftop Solar,Hemayet Hossain,2026-09-02T12:19:27.000+0000
006gK00000MmBBOQA3,Zoe Foster Residence - 13.2kW Rooftop Solar,Hemayet Hossain,2026-09-02T12:19:27.000+0000
006gK00000MmBCgQAN,Zoe Foster Residence - 13.2kW Rooftop Solar,Hemayet Hossain,2026-09-02T12:19:28.000+0000
006gK00000MmB4mQAF,Zoe Foster Residence - 13.2kW Rooftop Solar,Hemayet Hossain,2026-09-02T12:19:25.000+0000
006gK00000MmBAkQAN,Zoe Foster Residence - 13.2kW Rooftop Solar,Hemayet Hossain,2026-09-02T12:19:27.000+0000
006gK00000MmBEcQAN,Zoe Foster Residence - 13.2kW Rooftop Solar,Hemayet Hossain,2026-09-02T12:19:29.000+0000
006gK00000MmBDyQAN,Zoe Foster Residence - 13.2kW Rooftop Solar,Hemayet Hossain,2026-09-02T12:19:28.000+0000
006gK00000MmB9SQAV,Zoe Foster Residence - 13.2kW Rooftop Solar,Hemayet Hossain,2026-09-02T12:19:26.000+0000
006gK00000MlfzNQAR,Zoe Foster Residence - 13.2kW Rooftop Solar,Hemayet Hossain,2026-08-24T15:30:41.000+0000
006gK00000MmB2WQAV,Zoe Foster Residence - 13.2kW Rooftop Solar,Hemayet Hossain,2026-09-02T12:19:23.000+0000
006gK00000MmB3UQAV,Zoe Foster Residence - 13.2kW Rooftop Solar,Hemayet Hossain,2026-09-02T12:19:24.000+0000
