Id,FirstName,LastName,Email,Phone,Account.Name,CreatedDate,OwnerId
003gK00000ybw4MQAQ,Amelia,Martin,amelia.martin713@example.com,(02) 4493 1527,Amelia Martin,2026-08-17T07:54:02.000+0000,005gK00006sTIwDQAW
003gK00000ybw4tQAA,Andrew,Anderson,andrew.anderson775@example.com,(02) 5450 2550,Andrew Anderson Residence,2026-08-17T07:54:02.000+0000,005gK00006sTIwDQAW
003gK00000ybw5XQAQ,Andrew,Anderson,andrew.anderson775@example.com,(02) 6610 3790,Andrew Anderson Residence,2026-08-17T07:54:02.000+0000,005gK00006sTIwDQAW
003gK00000ybw6BQAQ,Andrew,Anderson,andrew.anderson775@example.com,(02) 7770 5030,Andrew Anderson Residence,2026-08-17T07:54:02.000+0000,005gK00006sTIwDQAW
003gK00000ybw4FQAQ,Andrew,Anderson,andrew.anderson775@example.com,(02) 4290 1310,Andrew Anderson Residence,2026-08-17T07:54:02.000+0000,005gK00006sTIwDQAW
003gK00000ybw4QQAQ,Ava,Mancini,ava.mancini651@example.com,(02) 4609 1651,Ava Mancini,2026-08-17T07:54:02.000+0000,005gK00006sTIwDQAW
003gK00000ybw69QAA,Benjamin,Walker,benjamin.walker775@example.com,(02) 7712 4968,Benjamin Walker Residence,2026-08-17T07:54:02.000+0000,005gK00006sTIwDQAW
003gK00000ybw4DQAQ,Benjamin,Walker,benjamin.walker775@example.com,(02) 4232 1248,Benjamin Walker Residence,2026-08-17T07:54:02.000+0000,005gK00006sTIwDQAW
003gK00000ybw5VQAQ,Benjamin,Walker,benjamin.walker775@example.com,(02) 6552 3728,Benjamin Walker Residence,2026-08-17T07:54:02.000+0000,005gK00006sTIwDQAW
003gK00000ybw4rQAA,Benjamin,Walker,benjamin.walker775@example.com,(02) 5392 2488,Benjamin Walker Residence,2026-08-17T07:54:02.000+0000,005gK00006sTIwDQAW
003gK00000ybw4WQAQ,Charlotte,King,charlotte.king744@example.com,(02) 4783 1837,Charlotte King Residence,2026-08-17T07:54:02.000+0000,005gK00006sTIwDQAW
003gK00000ybw5AQAQ,Charlotte,King,charlotte.king744@example.com,(02) 5943 3077,Charlotte King Residence,2026-08-17T07:54:02.000+0000,005gK00006sTIwDQAW
003gK00000ybw5oQAA,Charlotte,King,charlotte.king744@example.com,(02) 7103 4317,Charlotte King Residence,2026-08-17T07:54:02.000+0000,005gK00006sTIwDQAW
003gK00000ybw4IQAQ,Chloe,Robinson,chloe.robinson744@example.com,(02) 4377 1403,Chloe Robinson,2026-08-17T07:54:02.000+0000,005gK00006sTIwDQAW
003gK00000ybw55QAA,Daniel,Clark,daniel.clark682@example.com,(02) 5798 2922,Daniel Clark Residence,2026-08-17T07:54:02.000+0000,005gK00006sTIwDQAW
003gK00000ybw5jQAA,Daniel,Clark,daniel.clark682@example.com,(02) 6958 4162,Daniel Clark Residence,2026-08-17T07:54:02.000+0000,005gK00006sTIwDQAW
003gK00000ybw4RQAQ,Daniel,Clark,daniel.clark682@example.com,(02) 4638 1682,Daniel Clark Residence,2026-08-17T07:54:02.000+0000,005gK00006sTIwDQAW
003gK00000ybw5BQAQ,David,Doyle,david.doyle651@example.com,(02) 5972 3108,David Doyle Residence,2026-08-17T07:54:02.000+0000,005gK00006sTIwDQAW
003gK00000ybw4XQAQ,David,Doyle,david.doyle651@example.com,(02) 4812 1868,David Doyle Residence,2026-08-17T07:54:02.000+0000,005gK00006sTIwDQAW
003gK00000ybw4SQAQ,Ella,Ahmed,ella.ahmed620@example.com,(02) 4667 1713,Ella Ahmed Residence,2026-08-17T07:54:02.000+0000,005gK00006sTIwDQAW
003gK00000ybw6OQAQ,Ella,Ahmed,ella.ahmed620@example.com,(02) 8147 5433,Ella Ahmed Residence,2026-08-17T07:54:02.000+0000,005gK00006sTIwDQAW
003gK00000ybw5kQAA,Ella,Ahmed,ella.ahmed620@example.com,(02) 6987 4193,Ella Ahmed Residence,2026-08-17T07:54:02.000+0000,005gK00006sTIwDQAW
003gK00000ybw56QAA,Ella,Ahmed,ella.ahmed620@example.com,(02) 5827 2953,Ella Ahmed Residence,2026-08-17T07:54:02.000+0000,005gK00006sTIwDQAW
003gK00000ybw5EQAQ,Emma,Jones,emma.jones620@example.com,(02) 6059 3201,Emma Jones Residence,2026-08-17T07:54:02.000+0000,005gK00006sTIwDQAW
003gK00000ybw4aQAA,Emma,Jones,emma.jones620@example.com,(02) 4899 1961,Emma Jones Residence,2026-08-17T07:54:02.000+0000,005gK00006sTIwDQAW
003gK00000ybw5sQAA,Emma,Jones,emma.jones620@example.com,(02) 7219 4441,Emma Jones Residence,2026-08-17T07:54:02.000+0000,005gK00006sTIwDQAW
003gK00000ybw5lQAA,Ethan,Lee,ethan.lee589@example.com,(02) 7016 4224,Ethan Lee Residence,2026-08-17T07:54:02.000+0000,005gK00006sTIwDQAW
003gK00000ybw4TQAQ,Ethan,Lee,ethan.lee589@example.com,(02) 4696 1744,Ethan Lee Residence,2026-08-17T07:54:02.000+0000,005gK00006sTIwDQAW
003gK00000ybw57QAA,Ethan,Lee,ethan.lee589@example.com,(02) 5856 2984,Ethan Lee Residence,2026-08-17T07:54:02.000+0000,005gK00006sTIwDQAW
003gK00000ybw6PQAQ,Ethan,Lee,ethan.lee589@example.com,(02) 8176 5464,Ethan Lee Residence,2026-08-17T07:54:02.000+0000,005gK00006sTIwDQAW
003gK00000ybw5wQAA,Grace,Whitfield,grace.whitfield775@example.com,(02) 7335 4565,Grace Whitfield Residence,2026-08-17T07:54:02.000+0000,005gK00006sTIwDQAW
003gK00000ybw5IQAQ,Grace,Whitfield,grace.whitfield775@example.com,(02) 6175 3325,Grace Whitfield Residence,2026-08-17T07:54:02.000+0000,005gK00006sTIwDQAW
003gK00000ybw4eQAA,Grace,Whitfield,grace.whitfield775@example.com,(02) 5015 2085,Grace Whitfield Residence,2026-08-17T07:54:02.000+0000,005gK00006sTIwDQAW
003gK00000ybw5GQAQ,Hannah,Smith,hannah.smith682@example.com,(02) 6117 3263,Hannah Smith Residence,2026-08-17T07:54:02.000+0000,005gK00006sTIwDQAW
003gK00000ybw5uQAA,Hannah,Smith,hannah.smith682@example.com,(02) 7277 4503,Hannah Smith Residence,2026-08-17T07:54:02.000+0000,005gK00006sTIwDQAW
003gK00000ybw4cQAA,Hannah,Smith,hannah.smith682@example.com,(02) 4957 2023,Hannah Smith Residence,2026-08-17T07:54:02.000+0000,005gK00006sTIwDQAW
003gK00000ybw5QQAQ,Harper,Thompson,harper.thompson775@example.com,(02) 6407 3573,Harper Thompson Residence,2026-08-17T07:54:02.000+0000,005gK00006sTIwDQAW
003gK00000ybw64QAA,Harper,Thompson,harper.thompson775@example.com,(02) 7567 4813,Harper Thompson Residence,2026-08-17T07:54:02.000+0000,005gK00006sTIwDQAW
003gK00000ybw48QAA,Harper,Thompson,harper.thompson775@example.com,(02) 4087 1093,Harper Thompson Residence,2026-08-17T07:54:02.000+0000,005gK00006sTIwDQAW
003gK00000ybw4mQAA,Harper,Thompson,harper.thompson775@example.com,(02) 5247 2333,Harper Thompson Residence,2026-08-17T07:54:02.000+0000,005gK00006sTIwDQAW
003gK00000ybw46QAA,Isabella,Hall,isabella.hall713@example.com,(02) 4029 1031,Isabella Hall Residence,2026-08-17T07:54:02.000+0000,005gK00006sTIwDQAW
003gK00000ybw4kQAA,Isabella,Hall,isabella.hall713@example.com,(02) 5189 2271,Isabella Hall Residence,2026-08-17T07:54:02.000+0000,005gK00006sTIwDQAW
003gK00000ybw62QAA,Isabella,Hall,isabella.hall713@example.com,(02) 7509 4751,Isabella Hall Residence,2026-08-17T07:54:02.000+0000,005gK00006sTIwDQAW
003gK00000ybw5OQAQ,Isabella,Hall,isabella.hall713@example.com,(02) 6349 3511,Isabella Hall Residence,2026-08-17T07:54:02.000+0000,005gK00006sTIwDQAW
003gK00000ybw4fQAA,Jack,White,jack.white620@example.com,(02) 5044 2116,Jack White Residence,2026-08-17T07:54:02.000+0000,005gK00006sTIwDQAW
003gK00000ybw5JQAQ,Jack,White,jack.white620@example.com,(02) 6204 3356,Jack White Residence,2026-08-17T07:54:02.000+0000,005gK00006sTIwDQAW
003gK00000ybw5xQAA,Jack,White,jack.white620@example.com,(02) 7364 4596,Jack White Residence,2026-08-17T07:54:02.000+0000,005gK00006sTIwDQAW
003gK00000ybw45QAA,James,Nguyen,james.nguyen682@example.com,(02) 4000 1000,James Nguyen Residence,2026-08-17T07:54:02.000+0000,005gK00006sTIwDQAW
003gK00000ybw4jQAA,James,Nguyen,james.nguyen682@example.com,(02) 5160 2240,James Nguyen Residence,2026-08-17T07:54:02.000+0000,005gK00006sTIwDQAW
003gK00000ybw5NQAQ,James,Nguyen,james.nguyen682@example.com,(02) 6320 3480,James Nguyen Residence,2026-08-17T07:54:02.000+0000,005gK00006sTIwDQAW
003gK00000ybw61QAA,James,Nguyen,james.nguyen682@example.com,(02) 7480 4720,James Nguyen Residence,2026-08-17T07:54:02.000+0000,005gK00006sTIwDQAW
003gK00000ybw68QAA,Jessica,Silva,jessica.silva713@example.com,(02) 7683 4937,Jessica Silva Residence,2026-08-17T07:54:02.000+0000,005gK00006sTIwDQAW
003gK00000ybw4qQAA,Jessica,Silva,jessica.silva713@example.com,(02) 5363 2457,Jessica Silva Residence,2026-08-17T07:54:02.000+0000,005gK00006sTIwDQAW
003gK00000ybw5UQAQ,Jessica,Silva,jessica.silva713@example.com,(02) 6523 3697,Jessica Silva Residence,2026-08-17T07:54:02.000+0000,005gK00006sTIwDQAW
003gK00000ybw4CQAQ,Jessica,Silva,jessica.silva713@example.com,(02) 4203 1217,Jessica Silva Residence,2026-08-17T07:54:02.000+0000,005gK00006sTIwDQAW
003gK00000ybw6RQAQ,Joshua,Patel,joshua.patel682@example.com,(02) 8234 5526,Joshua Patel Residence,2026-08-17T07:54:02.000+0000,005gK00006sTIwDQAW
003gK00000ybw5nQAA,Joshua,Patel,joshua.patel682@example.com,(02) 7074 4286,Joshua Patel Residence,2026-08-17T07:54:02.000+0000,005gK00006sTIwDQAW
003gK00000ybw59QAA,Joshua,Patel,joshua.patel682@example.com,(02) 5914 3046,Joshua Patel Residence,2026-08-17T07:54:02.000+0000,005gK00006sTIwDQAW
003gK00000ybw4VQAQ,Joshua,Patel,joshua.patel682@example.com,(02) 4754 1806,Joshua Patel Residence,2026-08-17T07:54:02.000+0000,005gK00006sTIwDQAW
003gK00000ybw6AQAQ,Layla,Osman,layla.osman651@example.com,(02) 7741 4999,Layla Osman Residence,2026-08-17T07:54:02.000+0000,005gK00006sTIwDQAW
003gK00000ybw4EQAQ,Layla,Osman,layla.osman651@example.com,(02) 4261 1279,Layla Osman Residence,2026-08-17T07:54:02.000+0000,005gK00006sTIwDQAW
003gK00000ybw4sQAA,Layla,Osman,layla.osman651@example.com,(02) 5421 2519,Layla Osman Residence,2026-08-17T07:54:02.000+0000,005gK00006sTIwDQAW
003gK00000ybw5WQAQ,Layla,Osman,layla.osman651@example.com,(02) 6581 3759,Layla Osman Residence,2026-08-17T07:54:02.000+0000,005gK00006sTIwDQAW
003gK00000ybw4NQAQ,Liam,Bennett,liam.bennett682@example.com,(02) 4522 1558,Liam Bennett Residence,2026-08-17T07:54:02.000+0000,005gK00006sTIwDQAW
003gK00000ybw51QAA,Liam,Bennett,liam.bennett682@example.com,(02) 5682 2798,Liam Bennett Residence,2026-08-17T07:54:02.000+0000,005gK00006sTIwDQAW
003gK00000ybw6JQAQ,Liam,Bennett,liam.bennett682@example.com,(02) 8002 5278,Liam Bennett Residence,2026-08-17T07:54:02.000+0000,005gK00006sTIwDQAW
003gK00000ybw5fQAA,Liam,Bennett,liam.bennett682@example.com,(02) 6842 4038,Liam Bennett Residence,2026-08-17T07:54:02.000+0000,005gK00006sTIwDQAW
003gK00000ybw5MQAQ,Lily,Kelly,lily.kelly620@example.com,(02) 6291 3449,Lily Kelly Residence,2026-08-17T07:54:02.000+0000,005gK00006sTIwDQAW
003gK00000ybw4iQAA,Lily,Kelly,lily.kelly620@example.com,(02) 5131 2209,Lily Kelly Residence,2026-08-17T07:54:02.000+0000,005gK00006sTIwDQAW
003gK00000ybw60QAA,Lily,Kelly,lily.kelly620@example.com,(02) 7451 4689,Lily Kelly Residence,2026-08-17T07:54:02.000+0000,005gK00006sTIwDQAW
003gK00000ybw5rQAA,Lucas,Tran,lucas.tran620@example.com,(02) 7190 4410,Lucas Tran Residence,2026-08-17T07:54:02.000+0000,005gK00006sTIwDQAW
003gK00000ybw5DQAQ,Lucas,Tran,lucas.tran620@example.com,(02) 6030 3170,Lucas Tran Residence,2026-08-17T07:54:02.000+0000,005gK00006sTIwDQAW
003gK00000ybw4ZQAQ,Lucas,Tran,lucas.tran620@example.com,(02) 4870 1930,Lucas Tran Residence,2026-08-17T07:54:02.000+0000,005gK00006sTIwDQAW
003gK00000ybw5dQAA,Matthew,Kaur,matthew.kaur682@example.com,(02) 6784 3976,Matthew Kaur Residence,2026-08-17T07:54:02.000+0000,005gK00006sTIwDQAW
003gK00000ybw4LQAQ,Matthew,Kaur,matthew.kaur682@example.com,(02) 4464 1496,Matthew Kaur Residence,2026-08-17T07:54:02.000+0000,005gK00006sTIwDQAW
003gK00000ybw4zQAA,Matthew,Kaur,matthew.kaur682@example.com,(02) 5624 2736,Matthew Kaur Residence,2026-08-17T07:54:02.000+0000,005gK00006sTIwDQAW
003gK00000ybw6HQAQ,Matthew,Kaur,matthew.kaur682@example.com,(02) 7944 5216,Matthew Kaur Residence,2026-08-17T07:54:02.000+0000,005gK00006sTIwDQAW
003gK00000ybw66QAA,Mia,Taylor,mia.taylor620@example.com,(02) 7625 4875,Mia Taylor Residence,2026-08-17T07:54:02.000+0000,005gK00006sTIwDQAW
003gK00000ybw5SQAQ,Mia,Taylor,mia.taylor620@example.com,(02) 6465 3635,Mia Taylor Residence,2026-08-17T07:54:02.000+0000,005gK00006sTIwDQAW
003gK00000ybw4oQAA,Mia,Taylor,mia.taylor620@example.com,(02) 5305 2395,Mia Taylor Residence,2026-08-17T07:54:02.000+0000,005gK00006sTIwDQAW
003gK00000ybw4AQAQ,Mia,Taylor,mia.taylor620@example.com,(02) 4145 1155,Mia Taylor Residence,2026-08-17T07:54:02.000+0000,005gK00006sTIwDQAW
003gK00000ybw5vQAA,Michael,Young,michael.young713@example.com,(02) 7306 4534,Michael Young Residence,2026-08-17T07:54:02.000+0000,005gK00006sTIwDQAW
003gK00000ybw4dQAA,Michael,Young,michael.young713@example.com,(02) 4986 2054,Michael Young Residence,2026-08-17T07:54:02.000+0000,005gK00006sTIwDQAW
003gK00000ybw5HQAQ,Michael,Young,michael.young713@example.com,(02) 6146 3294,Michael Young Residence,2026-08-17T07:54:02.000+0000,005gK00006sTIwDQAW
003gK00000ybw5FQAQ,Nathan,Ryan,nathan.ryan651@example.com,(02) 6088 3232,Nathan Ryan Residence,2026-08-17T07:54:02.000+0000,005gK00006sTIwDQAW
003gK00000ybw4bQAA,Nathan,Ryan,nathan.ryan651@example.com,(02) 4928 1992,Nathan Ryan Residence,2026-08-17T07:54:02.000+0000,005gK00006sTIwDQAW
003gK00000ybw5tQAA,Nathan,Ryan,nathan.ryan651@example.com,(02) 7248 4472,Nathan Ryan Residence,2026-08-17T07:54:02.000+0000,005gK00006sTIwDQAW
003gK00000ybw4vQAA,Noah,Brown,noah.brown620@example.com,(02) 5508 2612,Noah Brown Residence,2026-08-17T07:54:02.000+0000,005gK00006sTIwDQAW
003gK00000ybw4HQAQ,Noah,Brown,noah.brown620@example.com,(02) 4348 1372,Noah Brown Residence,2026-08-17T07:54:02.000+0000,005gK00006sTIwDQAW
003gK00000ybw5ZQAQ,Noah,Brown,noah.brown620@example.com,(02) 6668 3852,Noah Brown Residence,2026-08-17T07:54:02.000+0000,005gK00006sTIwDQAW
003gK00000ybw6DQAQ,Noah,Brown,noah.brown620@example.com,(02) 7828 5092,Noah Brown Residence,2026-08-17T07:54:02.000+0000,005gK00006sTIwDQAW
003gK00000ybw5TQAQ,Oliver,Murphy,oliver.murphy713@example.com,(02) 6494 3666,Oliver Murphy Residence,2026-08-17T07:54:02.000+0000,005gK00006sTIwDQAW
003gK00000ybw4BQAQ,Oliver,Murphy,oliver.murphy713@example.com,(02) 4174 1186,Oliver Murphy Residence,2026-08-17T07:54:02.000+0000,005gK00006sTIwDQAW
003gK00000ybw67QAA,Oliver,Murphy,oliver.murphy713@example.com,(02) 7654 4906,Oliver Murphy Residence,2026-08-17T07:54:02.000+0000,005gK00006sTIwDQAW
003gK00000ybw4pQAA,Oliver,Murphy,oliver.murphy713@example.com,(02) 5334 2426,Oliver Murphy Residence,2026-08-17T07:54:02.000+0000,005gK00006sTIwDQAW
003gK00000ybw6QQAQ,Olivia,Campbell,olivia.campbell775@example.com,(02) 8205 5495,Olivia Campbell Residence,2026-08-17T07:54:02.000+0000,005gK00006sTIwDQAW
003gK00000ybw58QAA,Olivia,Campbell,olivia.campbell775@example.com,(02) 5885 3015,Olivia Campbell Residence,2026-08-17T07:54:02.000+0000,005gK00006sTIwDQAW
003gK00000ybw5mQAA,Olivia,Campbell,olivia.campbell775@example.com,(02) 7045 4255,Olivia Campbell Residence,2026-08-17T07:54:02.000+0000,005gK00006sTIwDQAW
003gK00000ybw4UQAQ,Olivia,Campbell,olivia.campbell775@example.com,(02) 4725 1775,Olivia Campbell Residence,2026-08-17T07:54:02.000+0000,005gK00006sTIwDQAW
003gK00000ybw53QAA,Robert,Chen,robert.chen651@example.com,(02) 5740 2860,Robert Chen Residence,2026-08-17T07:54:02.000+0000,005gK00006sTIwDQAW
003gK00000ybw6LQAQ,Robert,Chen,robert.chen651@example.com,(02) 8060 5340,Robert Chen Residence,2026-08-17T07:54:02.000+0000,005gK00006sTIwDQAW
003gK00000ybw5hQAA,Robert,Chen,robert.chen651@example.com,(02) 6900 4100,Robert Chen Residence,2026-08-17T07:54:02.000+0000,005gK00006sTIwDQAW
003gK00000ybw4PQAQ,Robert,Chen,robert.chen651@example.com,(02) 4580 1620,Robert Chen Residence,2026-08-17T07:54:02.000+0000,005gK00006sTIwDQAW
003gK00000ybw6UQAQ,Ruby,Harris,ruby.harris651@example.com,(02) 8321 5619,Ruby Harris Residence,2026-08-17T07:54:02.000+0000,005gK00006sTIwDQAW
003gK00000ybw5qQAA,Ruby,Harris,ruby.harris651@example.com,(02) 7161 4379,Ruby Harris Residence,2026-08-17T07:54:02.000+0000,005gK00006sTIwDQAW
003gK00000ybw5CQAQ,Ruby,Harris,ruby.harris651@example.com,(02) 6001 3139,Ruby Harris Residence,2026-08-17T07:54:02.000+0000,005gK00006sTIwDQAW
003gK00000ybw4YQAQ,Ruby,Harris,ruby.harris651@example.com,(02) 4841 1899,Ruby Harris Residence,2026-08-17T07:54:02.000+0000,005gK00006sTIwDQAW
003gK00000ybw5LQAQ,Ryan,Singh,ryan.singh620@example.com,(02) 6262 3418,Ryan Singh Residence,2026-08-17T07:54:02.000+0000,005gK00006sTIwDQAW
003gK00000ybw5zQAA,Ryan,Singh,ryan.singh620@example.com,(02) 7422 4658,Ryan Singh Residence,2026-08-17T07:54:02.000+0000,005gK00006sTIwDQAW
003gK00000ybw4hQAA,Ryan,Singh,ryan.singh620@example.com,(02) 5102 2178,Ryan Singh Residence,2026-08-17T07:54:02.000+0000,005gK00006sTIwDQAW
003gK00000ybw63QAA,Samuel,Fitzgerald,samuel.fitzgerald837@example.com,(02) 7538 4782,Samuel Fitzgerald Residence,2026-08-17T07:54:02.000+0000,005gK00006sTIwDQAW
003gK00000ybw4lQAA,Samuel,Fitzgerald,samuel.fitzgerald837@example.com,(02) 5218 2302,Samuel Fitzgerald Residence,2026-08-17T07:54:02.000+0000,005gK00006sTIwDQAW
003gK00000ybw5PQAQ,Samuel,Fitzgerald,samuel.fitzgerald837@example.com,(02) 6378 3542,Samuel Fitzgerald Residence,2026-08-17T07:54:02.000+0000,005gK00006sTIwDQAW
003gK00000ybw47QAA,Samuel,Fitzgerald,samuel.fitzgerald837@example.com,(02) 4058 1062,Samuel Fitzgerald Residence,2026-08-17T07:54:02.000+0000,005gK00006sTIwDQAW
003gK00000ybw5KQAQ,Sarah,Barnes,sarah.barnes682@example.com,(02) 6233 3387,Sarah Barnes Residence,2026-08-17T07:54:02.000+0000,005gK00006sTIwDQAW
003gK00000ybw4gQAA,Sarah,Barnes,sarah.barnes682@example.com,(02) 5073 2147,Sarah Barnes Residence,2026-08-17T07:54:02.000+0000,005gK00006sTIwDQAW
003gK00000ybw5yQAA,Sarah,Barnes,sarah.barnes682@example.com,(02) 7393 4627,Sarah Barnes Residence,2026-08-17T07:54:02.000+0000,005gK00006sTIwDQAW
003gK00000ybw4KQAQ,Sienna,Lewis,sienna.lewis682@example.com,(02) 4435 1465,Sienna Lewis Residence,2026-08-17T07:54:02.000+0000,005gK00006sTIwDQAW
003gK00000ybw4yQAA,Sienna,Lewis,sienna.lewis682@example.com,(02) 5595 2705,Sienna Lewis Residence,2026-08-17T07:54:02.000+0000,005gK00006sTIwDQAW
003gK00000ybw5cQAA,Sienna,Lewis,sienna.lewis682@example.com,(02) 6755 3945,Sienna Lewis Residence,2026-08-17T07:54:02.000+0000,005gK00006sTIwDQAW
003gK00000ybw6GQAQ,Sienna,Lewis,sienna.lewis682@example.com,(02) 7915 5185,Sienna Lewis Residence,2026-08-17T07:54:02.000+0000,005gK00006sTIwDQAW
003gK00000ybw5gQAA,Sophie,Wilson,sophie.wilson713@example.com,(02) 6871 4069,Sophie Wilson Residence,2026-08-17T07:54:02.000+0000,005gK00006sTIwDQAW
003gK00000ybw6KQAQ,Sophie,Wilson,sophie.wilson713@example.com,(02) 8031 5309,Sophie Wilson Residence,2026-08-17T07:54:02.000+0000,005gK00006sTIwDQAW
003gK00000ybw4OQAQ,Sophie,Wilson,sophie.wilson713@example.com,(02) 4551 1589,Sophie Wilson Residence,2026-08-17T07:54:02.000+0000,005gK00006sTIwDQAW
003gK00000ybw52QAA,Sophie,Wilson,sophie.wilson713@example.com,(02) 5711 2829,Sophie Wilson Residence,2026-08-17T07:54:02.000+0000,005gK00006sTIwDQAW
003gK00000ybw4nQAA,Thomas,Hughes,thomas.hughes713@example.com,(02) 5276 2364,Thomas Hughes Residence,2026-08-17T07:54:02.000+0000,005gK00006sTIwDQAW
003gK00000ybw65QAA,Thomas,Hughes,thomas.hughes713@example.com,(02) 7596 4844,Thomas Hughes Residence,2026-08-17T07:54:02.000+0000,005gK00006sTIwDQAW
003gK00000ybw5RQAQ,Thomas,Hughes,thomas.hughes713@example.com,(02) 6436 3604,Thomas Hughes Residence,2026-08-17T07:54:02.000+0000,005gK00006sTIwDQAW
003gK00000ybw49QAA,Thomas,Hughes,thomas.hughes713@example.com,(02) 4116 1124,Thomas Hughes Residence,2026-08-17T07:54:02.000+0000,005gK00006sTIwDQAW
003gK00000ybw5bQAA,William,Kowalski,william.kowalski806@example.com,(02) 6726 3914,William Kowalski Residence,2026-08-17T07:54:02.000+0000,005gK00006sTIwDQAW
003gK00000ybw4JQAQ,William,Kowalski,william.kowalski806@example.com,(02) 4406 1434,William Kowalski Residence,2026-08-17T07:54:02.000+0000,005gK00006sTIwDQAW
003gK00000ybw6FQAQ,William,Kowalski,william.kowalski806@example.com,(02) 7886 5154,William Kowalski Residence,2026-08-17T07:54:02.000+0000,005gK00006sTIwDQAW
003gK00000ybw4xQAA,William,Kowalski,william.kowalski806@example.com,(02) 5566 2674,William Kowalski Residence,2026-08-17T07:54:02.000+0000,005gK00006sTIwDQAW
003gK00000ybw5YQAQ,Zoe,Foster,zoe.foster620@example.com,(02) 6639 3821,Zoe Foster Residence,2026-08-17T07:54:02.000+0000,005gK00006sTIwDQAW
003gK00000ybw4GQAQ,Zoe,Foster,zoe.foster620@example.com,(02) 4319 1341,Zoe Foster Residence,2026-08-17T07:54:02.000+0000,005gK00006sTIwDQAW
003gK00000ybw6CQAQ,Zoe,Foster,zoe.foster620@example.com,(02) 7799 5061,Zoe Foster Residence,2026-08-17T07:54:02.000+0000,005gK00006sTIwDQAW
003gK00000ybw4uQAA,Zoe,Foster,zoe.foster620@example.com,(02) 5479 2581,Zoe Foster Residence,2026-08-17T07:54:02.000+0000,005gK00006sTIwDQAW
