Id,FirstName,LastName,Email,Phone,MailingStreet,MailingCity,MailingPostalCode,Account.Name,CreatedDate
003gK00000ybw4MQAQ,Amelia,Martin,amelia.martin713@example.com,(02) 4493 1527,188 Beach Rd,Wollongong,2500,Amelia Martin,2026-08-17T07:54:02.000+0000
003gK00000ybw4tQAA,Andrew,Anderson,andrew.anderson775@example.com,(02) 5450 2550,111 Sunset Rd,Penrith,2750,Andrew Anderson Residence,2026-08-17T07:54:02.000+0000
003gK00000ybw5XQAQ,Andrew,Anderson,andrew.anderson775@example.com,(02) 6610 3790,111 Sunset Rd,Chatswood,2067,Andrew Anderson Residence,2026-08-17T07:54:02.000+0000
003gK00000ybw6BQAQ,Andrew,Anderson,andrew.anderson775@example.com,(02) 7770 5030,111 Sunset Rd,Campbelltown,2560,Andrew Anderson Residence,2026-08-17T07:54:02.000+0000
003gK00000ybw4FQAQ,Andrew,Anderson,andrew.anderson775@example.com,(02) 4290 1310,111 Sunset Rd,Campbelltown,2560,Andrew Anderson Residence,2026-08-17T07:54:02.000+0000
003gK00000ybw4QQAQ,Ava,Mancini,ava.mancini651@example.com,(02) 4609 1651,12 Railway Pde,Liverpool,2170,Ava Mancini,2026-08-17T07:54:02.000+0000
003gK00000ybw69QAA,Benjamin,Walker,benjamin.walker775@example.com,(02) 7712 4968,89 Mill Lane,Ryde,2112,Benjamin Walker Residence,2026-08-17T07:54:02.000+0000
003gK00000ybw4DQAQ,Benjamin,Walker,benjamin.walker775@example.com,(02) 4232 1248,89 Mill Lane,Ryde,2112,Benjamin Walker Residence,2026-08-17T07:54:02.000+0000
003gK00000ybw5VQAQ,Benjamin,Walker,benjamin.walker775@example.com,(02) 6552 3728,89 Mill Lane,Castle Hill,2154,Benjamin Walker Residence,2026-08-17T07:54:02.000+0000
003gK00000ybw4rQAA,Benjamin,Walker,benjamin.walker775@example.com,(02) 5392 2488,89 Mill Lane,Parramatta,2150,Benjamin Walker Residence,2026-08-17T07:54:02.000+0000
003gK00000ybw4WQAQ,Charlotte,King,charlotte.king744@example.com,(02) 4783 1837,78 Beach Rd,Baulkham Hills,2153,Charlotte King Residence,2026-08-17T07:54:02.000+0000
003gK00000ybw5AQAQ,Charlotte,King,charlotte.king744@example.com,(02) 5943 3077,78 Beach Rd,Blacktown,2148,Charlotte King Residence,2026-08-17T07:54:02.000+0000
003gK00000ybw5oQAA,Charlotte,King,charlotte.king744@example.com,(02) 7103 4317,78 Beach Rd,Bankstown,2200,Charlotte King Residence,2026-08-17T07:54:02.000+0000
003gK00000ybw4IQAQ,Chloe,Robinson,chloe.robinson744@example.com,(02) 4377 1403,144 Mill Lane,Cessnock,2325,Chloe Robinson,2026-08-17T07:54:02.000+0000
003gK00000ybw55QAA,Daniel,Clark,daniel.clark682@example.com,(02) 5798 2922,23 Beach Rd,Penrith,2750,Daniel Clark Residence,2026-08-17T07:54:02.000+0000
003gK00000ybw5jQAA,Daniel,Clark,daniel.clark682@example.com,(02) 6958 4162,23 Beach Rd,Chatswood,2067,Daniel Clark Residence,2026-08-17T07:54:02.000+0000
003gK00000ybw4RQAQ,Daniel,Clark,daniel.clark682@example.com,(02) 4638 1682,23 Beach Rd,Campbelltown,2560,Daniel Clark Residence,2026-08-17T07:54:02.000+0000
003gK00000ybw5BQAQ,David,Doyle,david.doyle651@example.com,(02) 5972 3108,89 Mill Lane,Ryde,2112,David Doyle Residence,2026-08-17T07:54:02.000+0000
003gK00000ybw4XQAQ,David,Doyle,david.doyle651@example.com,(02) 4812 1868,89 Mill Lane,Castle Hill,2154,David Doyle Residence,2026-08-17T07:54:02.000+0000
003gK00000ybw4SQAQ,Ella,Ahmed,ella.ahmed620@example.com,(02) 4667 1713,34 Mill Lane,Bankstown,2200,Ella Ahmed Residence,2026-08-17T07:54:02.000+0000
003gK00000ybw6OQAQ,Ella,Ahmed,ella.ahmed620@example.com,(02) 8147 5433,34 Mill Lane,Bankstown,2200,Ella Ahmed Residence,2026-08-17T07:54:02.000+0000
003gK00000ybw5kQAA,Ella,Ahmed,ella.ahmed620@example.com,(02) 6987 4193,34 Mill Lane,Blacktown,2148,Ella Ahmed Residence,2026-08-17T07:54:02.000+0000
003gK00000ybw56QAA,Ella,Ahmed,ella.ahmed620@example.com,(02) 5827 2953,34 Mill Lane,Baulkham Hills,2153,Ella Ahmed Residence,2026-08-17T07:54:02.000+0000
003gK00000ybw5EQAQ,Emma,Jones,emma.jones620@example.com,(02) 6059 3201,122 Railway Pde,Charlestown,2290,Emma Jones Residence,2026-08-17T07:54:02.000+0000
003gK00000ybw4aQAA,Emma,Jones,emma.jones620@example.com,(02) 4899 1961,122 Railway Pde,Charlestown,2290,Emma Jones Residence,2026-08-17T07:54:02.000+0000
003gK00000ybw5sQAA,Emma,Jones,emma.jones620@example.com,(02) 7219 4441,122 Railway Pde,Charlestown,2290,Emma Jones Residence,2026-08-17T07:54:02.000+0000
003gK00000ybw5lQAA,Ethan,Lee,ethan.lee589@example.com,(02) 7016 4224,45 Kurrajong Dr,Ryde,2112,Ethan Lee Residence,2026-08-17T07:54:02.000+0000
003gK00000ybw4TQAQ,Ethan,Lee,ethan.lee589@example.com,(02) 4696 1744,45 Kurrajong Dr,Parramatta,2150,Ethan Lee Residence,2026-08-17T07:54:02.000+0000
003gK00000ybw57QAA,Ethan,Lee,ethan.lee589@example.com,(02) 5856 2984,45 Kurrajong Dr,Castle Hill,2154,Ethan Lee Residence,2026-08-17T07:54:02.000+0000
003gK00000ybw6PQAQ,Ethan,Lee,ethan.lee589@example.com,(02) 8176 5464,45 Kurrajong Dr,Parramatta,2150,Ethan Lee Residence,2026-08-17T07:54:02.000+0000
003gK00000ybw5wQAA,Grace,Whitfield,grace.whitfield775@example.com,(02) 7335 4565,166 Sunset Rd,Warners Bay,2282,Grace Whitfield Residence,2026-08-17T07:54:02.000+0000
003gK00000ybw5IQAQ,Grace,Whitfield,grace.whitfield775@example.com,(02) 6175 3325,166 Sunset Rd,Warners Bay,2282,Grace Whitfield Residence,2026-08-17T07:54:02.000+0000
003gK00000ybw4eQAA,Grace,Whitfield,grace.whitfield775@example.com,(02) 5015 2085,166 Sunset Rd,Warners Bay,2282,Grace Whitfield Residence,2026-08-17T07:54:02.000+0000
003gK00000ybw5GQAQ,Hannah,Smith,hannah.smith682@example.com,(02) 6117 3263,144 Mill Lane,Singleton,2330,Hannah Smith Residence,2026-08-17T07:54:02.000+0000
003gK00000ybw5uQAA,Hannah,Smith,hannah.smith682@example.com,(02) 7277 4503,144 Mill Lane,Singleton,2330,Hannah Smith Residence,2026-08-17T07:54:02.000+0000
003gK00000ybw4cQAA,Hannah,Smith,hannah.smith682@example.com,(02) 4957 2023,144 Mill Lane,Singleton,2330,Hannah Smith Residence,2026-08-17T07:54:02.000+0000
003gK00000ybw5QQAQ,Harper,Thompson,harper.thompson775@example.com,(02) 6407 3573,34 Mill Lane,Bankstown,2200,Harper Thompson Residence,2026-08-17T07:54:02.000+0000
003gK00000ybw64QAA,Harper,Thompson,harper.thompson775@example.com,(02) 7567 4813,34 Mill Lane,Baulkham Hills,2153,Harper Thompson Residence,2026-08-17T07:54:02.000+0000
003gK00000ybw48QAA,Harper,Thompson,harper.thompson775@example.com,(02) 4087 1093,34 Mill Lane,Baulkham Hills,2153,Harper Thompson Residence,2026-08-17T07:54:02.000+0000
003gK00000ybw4mQAA,Harper,Thompson,harper.thompson775@example.com,(02) 5247 2333,34 Mill Lane,Blacktown,2148,Harper Thompson Residence,2026-08-17T07:54:02.000+0000
003gK00000ybw46QAA,Isabella,Hall,isabella.hall713@example.com,(02) 4029 1031,12 Railway Pde,Hornsby,2077,Isabella Hall Residence,2026-08-17T07:54:02.000+0000
003gK00000ybw4kQAA,Isabella,Hall,isabella.hall713@example.com,(02) 5189 2271,12 Railway Pde,Hurstville,2220,Isabella Hall Residence,2026-08-17T07:54:02.000+0000
003gK00000ybw62QAA,Isabella,Hall,isabella.hall713@example.com,(02) 7509 4751,12 Railway Pde,Hornsby,2077,Isabella Hall Residence,2026-08-17T07:54:02.000+0000
003gK00000ybw5OQAQ,Isabella,Hall,isabella.hall713@example.com,(02) 6349 3511,12 Railway Pde,Liverpool,2170,Isabella Hall Residence,2026-08-17T07:54:02.000+0000
003gK00000ybw4fQAA,Jack,White,jack.white620@example.com,(02) 5044 2116,177 Railway Pde,Wollongong,2500,Jack White Residence,2026-08-17T07:54:02.000+0000
003gK00000ybw5JQAQ,Jack,White,jack.white620@example.com,(02) 6204 3356,177 Railway Pde,Wollongong,2500,Jack White Residence,2026-08-17T07:54:02.000+0000
003gK00000ybw5xQAA,Jack,White,jack.white620@example.com,(02) 7364 4596,177 Railway Pde,Wollongong,2500,Jack White Residence,2026-08-17T07:54:02.000+0000
003gK00000ybw45QAA,James,Nguyen,james.nguyen682@example.com,(02) 4000 1000,1 Sunset Rd,Parramatta,2150,James Nguyen Residence,2026-08-17T07:54:02.000+0000
003gK00000ybw4jQAA,James,Nguyen,james.nguyen682@example.com,(02) 5160 2240,1 Sunset Rd,Castle Hill,2154,James Nguyen Residence,2026-08-17T07:54:02.000+0000
003gK00000ybw5NQAQ,James,Nguyen,james.nguyen682@example.com,(02) 6320 3480,1 Sunset Rd,Ryde,2112,James Nguyen Residence,2026-08-17T07:54:02.000+0000
003gK00000ybw61QAA,James,Nguyen,james.nguyen682@example.com,(02) 7480 4720,1 Sunset Rd,Parramatta,2150,James Nguyen Residence,2026-08-17T07:54:02.000+0000
003gK00000ybw68QAA,Jessica,Silva,jessica.silva713@example.com,(02) 7683 4937,78 Beach Rd,Blacktown,2148,Jessica Silva Residence,2026-08-17T07:54:02.000+0000
003gK00000ybw4qQAA,Jessica,Silva,jessica.silva713@example.com,(02) 5363 2457,78 Beach Rd,Bankstown,2200,Jessica Silva Residence,2026-08-17T07:54:02.000+0000
003gK00000ybw5UQAQ,Jessica,Silva,jessica.silva713@example.com,(02) 6523 3697,78 Beach Rd,Baulkham Hills,2153,Jessica Silva Residence,2026-08-17T07:54:02.000+0000
003gK00000ybw4CQAQ,Jessica,Silva,jessica.silva713@example.com,(02) 4203 1217,78 Beach Rd,Blacktown,2148,Jessica Silva Residence,2026-08-17T07:54:02.000+0000
003gK00000ybw6RQAQ,Joshua,Patel,joshua.patel682@example.com,(02) 8234 5526,67 Railway Pde,Penrith,2750,Joshua Patel Residence,2026-08-17T07:54:02.000+0000
003gK00000ybw5nQAA,Joshua,Patel,joshua.patel682@example.com,(02) 7074 4286,67 Railway Pde,Campbelltown,2560,Joshua Patel Residence,2026-08-17T07:54:02.000+0000
003gK00000ybw59QAA,Joshua,Patel,joshua.patel682@example.com,(02) 5914 3046,67 Railway Pde,Chatswood,2067,Joshua Patel Residence,2026-08-17T07:54:02.000+0000
003gK00000ybw4VQAQ,Joshua,Patel,joshua.patel682@example.com,(02) 4754 1806,67 Railway Pde,Penrith,2750,Joshua Patel Residence,2026-08-17T07:54:02.000+0000
003gK00000ybw6AQAQ,Layla,Osman,layla.osman651@example.com,(02) 7741 4999,100 Kurrajong Dr,Liverpool,2170,Layla Osman Residence,2026-08-17T07:54:02.000+0000
003gK00000ybw4EQAQ,Layla,Osman,layla.osman651@example.com,(02) 4261 1279,100 Kurrajong Dr,Liverpool,2170,Layla Osman Residence,2026-08-17T07:54:02.000+0000
003gK00000ybw4sQAA,Layla,Osman,layla.osman651@example.com,(02) 5421 2519,100 Kurrajong Dr,Hornsby,2077,Layla Osman Residence,2026-08-17T07:54:02.000+0000
003gK00000ybw5WQAQ,Layla,Osman,layla.osman651@example.com,(02) 6581 3759,100 Kurrajong Dr,Hurstville,2220,Layla Osman Residence,2026-08-17T07:54:02.000+0000
003gK00000ybw4NQAQ,Liam,Bennett,liam.bennett682@example.com,(02) 4522 1558,199 Mill Lane,Wollongong,2500,Liam Bennett Residence,2026-08-17T07:54:02.000+0000
003gK00000ybw51QAA,Liam,Bennett,liam.bennett682@example.com,(02) 5682 2798,199 Mill Lane,Wollongong,2500,Liam Bennett Residence,2026-08-17T07:54:02.000+0000
003gK00000ybw6JQAQ,Liam,Bennett,liam.bennett682@example.com,(02) 8002 5278,199 Mill Lane,Wollongong,2500,Liam Bennett Residence,2026-08-17T07:54:02.000+0000
003gK00000ybw5fQAA,Liam,Bennett,liam.bennett682@example.com,(02) 6842 4038,199 Mill Lane,Wollongong,2500,Liam Bennett Residence,2026-08-17T07:54:02.000+0000
003gK00000ybw5MQAQ,Lily,Kelly,lily.kelly620@example.com,(02) 6291 3449,210 Kurrajong Dr,Wollongong,2500,Lily Kelly Residence,2026-08-17T07:54:02.000+0000
003gK00000ybw4iQAA,Lily,Kelly,lily.kelly620@example.com,(02) 5131 2209,210 Kurrajong Dr,Wollongong,2500,Lily Kelly Residence,2026-08-17T07:54:02.000+0000
003gK00000ybw60QAA,Lily,Kelly,lily.kelly620@example.com,(02) 7451 4689,210 Kurrajong Dr,Wollongong,2500,Lily Kelly Residence,2026-08-17T07:54:02.000+0000
003gK00000ybw5rQAA,Lucas,Tran,lucas.tran620@example.com,(02) 7190 4410,111 Sunset Rd,Penrith,2750,Lucas Tran Residence,2026-08-17T07:54:02.000+0000
003gK00000ybw5DQAQ,Lucas,Tran,lucas.tran620@example.com,(02) 6030 3170,111 Sunset Rd,Campbelltown,2560,Lucas Tran Residence,2026-08-17T07:54:02.000+0000
003gK00000ybw4ZQAQ,Lucas,Tran,lucas.tran620@example.com,(02) 4870 1930,111 Sunset Rd,Chatswood,2067,Lucas Tran Residence,2026-08-17T07:54:02.000+0000
003gK00000ybw5dQAA,Matthew,Kaur,matthew.kaur682@example.com,(02) 6784 3976,177 Railway Pde,Wollongong,2500,Matthew Kaur Residence,2026-08-17T07:54:02.000+0000
003gK00000ybw4LQAQ,Matthew,Kaur,matthew.kaur682@example.com,(02) 4464 1496,177 Railway Pde,Wollongong,2500,Matthew Kaur Residence,2026-08-17T07:54:02.000+0000
003gK00000ybw4zQAA,Matthew,Kaur,matthew.kaur682@example.com,(02) 5624 2736,177 Railway Pde,Wollongong,2500,Matthew Kaur Residence,2026-08-17T07:54:02.000+0000
003gK00000ybw6HQAQ,Matthew,Kaur,matthew.kaur682@example.com,(02) 7944 5216,177 Railway Pde,Wollongong,2500,Matthew Kaur Residence,2026-08-17T07:54:02.000+0000
003gK00000ybw66QAA,Mia,Taylor,mia.taylor620@example.com,(02) 7625 4875,56 Sunset Rd,Hurstville,2220,Mia Taylor Residence,2026-08-17T07:54:02.000+0000
003gK00000ybw5SQAQ,Mia,Taylor,mia.taylor620@example.com,(02) 6465 3635,56 Sunset Rd,Hornsby,2077,Mia Taylor Residence,2026-08-17T07:54:02.000+0000
003gK00000ybw4oQAA,Mia,Taylor,mia.taylor620@example.com,(02) 5305 2395,56 Sunset Rd,Liverpool,2170,Mia Taylor Residence,2026-08-17T07:54:02.000+0000
003gK00000ybw4AQAQ,Mia,Taylor,mia.taylor620@example.com,(02) 4145 1155,56 Sunset Rd,Hurstville,2220,Mia Taylor Residence,2026-08-17T07:54:02.000+0000
003gK00000ybw5vQAA,Michael,Young,michael.young713@example.com,(02) 7306 4534,155 Kurrajong Dr,Belmont,2280,Michael Young Residence,2026-08-17T07:54:02.000+0000
003gK00000ybw4dQAA,Michael,Young,michael.young713@example.com,(02) 4986 2054,155 Kurrajong Dr,Belmont,2280,Michael Young Residence,2026-08-17T07:54:02.000+0000
003gK00000ybw5HQAQ,Michael,Young,michael.young713@example.com,(02) 6146 3294,155 Kurrajong Dr,Belmont,2280,Michael Young Residence,2026-08-17T07:54:02.000+0000
003gK00000ybw5FQAQ,Nathan,Ryan,nathan.ryan651@example.com,(02) 6088 3232,133 Beach Rd,Newcastle,2300,Nathan Ryan Residence,2026-08-17T07:54:02.000+0000
003gK00000ybw4bQAA,Nathan,Ryan,nathan.ryan651@example.com,(02) 4928 1992,133 Beach Rd,Newcastle,2300,Nathan Ryan Residence,2026-08-17T07:54:02.000+0000
003gK00000ybw5tQAA,Nathan,Ryan,nathan.ryan651@example.com,(02) 7248 4472,133 Beach Rd,Newcastle,2300,Nathan Ryan Residence,2026-08-17T07:54:02.000+0000
003gK00000ybw4vQAA,Noah,Brown,noah.brown620@example.com,(02) 5508 2612,133 Beach Rd,Raymond Terrace,2324,Noah Brown Residence,2026-08-17T07:54:02.000+0000
003gK00000ybw4HQAQ,Noah,Brown,noah.brown620@example.com,(02) 4348 1372,133 Beach Rd,Raymond Terrace,2324,Noah Brown Residence,2026-08-17T07:54:02.000+0000
003gK00000ybw5ZQAQ,Noah,Brown,noah.brown620@example.com,(02) 6668 3852,133 Beach Rd,Raymond Terrace,2324,Noah Brown Residence,2026-08-17T07:54:02.000+0000
003gK00000ybw6DQAQ,Noah,Brown,noah.brown620@example.com,(02) 7828 5092,133 Beach Rd,Raymond Terrace,2324,Noah Brown Residence,2026-08-17T07:54:02.000+0000
003gK00000ybw5TQAQ,Oliver,Murphy,oliver.murphy713@example.com,(02) 6494 3666,67 Railway Pde,Penrith,2750,Oliver Murphy Residence,2026-08-17T07:54:02.000+0000
003gK00000ybw4BQAQ,Oliver,Murphy,oliver.murphy713@example.com,(02) 4174 1186,67 Railway Pde,Chatswood,2067,Oliver Murphy Residence,2026-08-17T07:54:02.000+0000
003gK00000ybw67QAA,Oliver,Murphy,oliver.murphy713@example.com,(02) 7654 4906,67 Railway Pde,Chatswood,2067,Oliver Murphy Residence,2026-08-17T07:54:02.000+0000
003gK00000ybw4pQAA,Oliver,Murphy,oliver.murphy713@example.com,(02) 5334 2426,67 Railway Pde,Campbelltown,2560,Oliver Murphy Residence,2026-08-17T07:54:02.000+0000
003gK00000ybw6QQAQ,Olivia,Campbell,olivia.campbell775@example.com,(02) 8205 5495,56 Sunset Rd,Hornsby,2077,Olivia Campbell Residence,2026-08-17T07:54:02.000+0000
003gK00000ybw58QAA,Olivia,Campbell,olivia.campbell775@example.com,(02) 5885 3015,56 Sunset Rd,Hurstville,2220,Olivia Campbell Residence,2026-08-17T07:54:02.000+0000
003gK00000ybw5mQAA,Olivia,Campbell,olivia.campbell775@example.com,(02) 7045 4255,56 Sunset Rd,Liverpool,2170,Olivia Campbell Residence,2026-08-17T07:54:02.000+0000
003gK00000ybw4UQAQ,Olivia,Campbell,olivia.campbell775@example.com,(02) 4725 1775,56 Sunset Rd,Hornsby,2077,Olivia Campbell Residence,2026-08-17T07:54:02.000+0000
003gK00000ybw53QAA,Robert,Chen,robert.chen651@example.com,(02) 5740 2860,1 Sunset Rd,Parramatta,2150,Robert Chen Residence,2026-08-17T07:54:02.000+0000
003gK00000ybw6LQAQ,Robert,Chen,robert.chen651@example.com,(02) 8060 5340,1 Sunset Rd,Ryde,2112,Robert Chen Residence,2026-08-17T07:54:02.000+0000
003gK00000ybw5hQAA,Robert,Chen,robert.chen651@example.com,(02) 6900 4100,1 Sunset Rd,Castle Hill,2154,Robert Chen Residence,2026-08-17T07:54:02.000+0000
003gK00000ybw4PQAQ,Robert,Chen,robert.chen651@example.com,(02) 4580 1620,1 Sunset Rd,Ryde,2112,Robert Chen Residence,2026-08-17T07:54:02.000+0000
003gK00000ybw6UQAQ,Ruby,Harris,ruby.harris651@example.com,(02) 8321 5619,100 Kurrajong Dr,Hurstville,2220,Ruby Harris Residence,2026-08-17T07:54:02.000+0000
003gK00000ybw5qQAA,Ruby,Harris,ruby.harris651@example.com,(02) 7161 4379,100 Kurrajong Dr,Hornsby,2077,Ruby Harris Residence,2026-08-17T07:54:02.000+0000
003gK00000ybw5CQAQ,Ruby,Harris,ruby.harris651@example.com,(02) 6001 3139,100 Kurrajong Dr,Liverpool,2170,Ruby Harris Residence,2026-08-17T07:54:02.000+0000
003gK00000ybw4YQAQ,Ruby,Harris,ruby.harris651@example.com,(02) 4841 1899,100 Kurrajong Dr,Hurstville,2220,Ruby Harris Residence,2026-08-17T07:54:02.000+0000
003gK00000ybw5LQAQ,Ryan,Singh,ryan.singh620@example.com,(02) 6262 3418,199 Mill Lane,Wollongong,2500,Ryan Singh Residence,2026-08-17T07:54:02.000+0000
003gK00000ybw5zQAA,Ryan,Singh,ryan.singh620@example.com,(02) 7422 4658,199 Mill Lane,Wollongong,2500,Ryan Singh Residence,2026-08-17T07:54:02.000+0000
003gK00000ybw4hQAA,Ryan,Singh,ryan.singh620@example.com,(02) 5102 2178,199 Mill Lane,Wollongong,2500,Ryan Singh Residence,2026-08-17T07:54:02.000+0000
003gK00000ybw63QAA,Samuel,Fitzgerald,samuel.fitzgerald837@example.com,(02) 7538 4782,23 Beach Rd,Penrith,2750,Samuel Fitzgerald Residence,2026-08-17T07:54:02.000+0000
003gK00000ybw4lQAA,Samuel,Fitzgerald,samuel.fitzgerald837@example.com,(02) 5218 2302,23 Beach Rd,Chatswood,2067,Samuel Fitzgerald Residence,2026-08-17T07:54:02.000+0000
003gK00000ybw5PQAQ,Samuel,Fitzgerald,samuel.fitzgerald837@example.com,(02) 6378 3542,23 Beach Rd,Campbelltown,2560,Samuel Fitzgerald Residence,2026-08-17T07:54:02.000+0000
003gK00000ybw47QAA,Samuel,Fitzgerald,samuel.fitzgerald837@example.com,(02) 4058 1062,23 Beach Rd,Penrith,2750,Samuel Fitzgerald Residence,2026-08-17T07:54:02.000+0000
003gK00000ybw5KQAQ,Sarah,Barnes,sarah.barnes682@example.com,(02) 6233 3387,188 Beach Rd,Wollongong,2500,Sarah Barnes Residence,2026-08-17T07:54:02.000+0000
003gK00000ybw4gQAA,Sarah,Barnes,sarah.barnes682@example.com,(02) 5073 2147,188 Beach Rd,Wollongong,2500,Sarah Barnes Residence,2026-08-17T07:54:02.000+0000
003gK00000ybw5yQAA,Sarah,Barnes,sarah.barnes682@example.com,(02) 7393 4627,188 Beach Rd,Wollongong,2500,Sarah Barnes Residence,2026-08-17T07:54:02.000+0000
003gK00000ybw4KQAQ,Sienna,Lewis,sienna.lewis682@example.com,(02) 4435 1465,166 Sunset Rd,Charlestown,2290,Sienna Lewis Residence,2026-08-17T07:54:02.000+0000
003gK00000ybw4yQAA,Sienna,Lewis,sienna.lewis682@example.com,(02) 5595 2705,166 Sunset Rd,Charlestown,2290,Sienna Lewis Residence,2026-08-17T07:54:02.000+0000
003gK00000ybw5cQAA,Sienna,Lewis,sienna.lewis682@example.com,(02) 6755 3945,166 Sunset Rd,Charlestown,2290,Sienna Lewis Residence,2026-08-17T07:54:02.000+0000
003gK00000ybw6GQAQ,Sienna,Lewis,sienna.lewis682@example.com,(02) 7915 5185,166 Sunset Rd,Charlestown,2290,Sienna Lewis Residence,2026-08-17T07:54:02.000+0000
003gK00000ybw5gQAA,Sophie,Wilson,sophie.wilson713@example.com,(02) 6871 4069,210 Kurrajong Dr,Wollongong,2500,Sophie Wilson Residence,2026-08-17T07:54:02.000+0000
003gK00000ybw6KQAQ,Sophie,Wilson,sophie.wilson713@example.com,(02) 8031 5309,210 Kurrajong Dr,Wollongong,2500,Sophie Wilson Residence,2026-08-17T07:54:02.000+0000
003gK00000ybw4OQAQ,Sophie,Wilson,sophie.wilson713@example.com,(02) 4551 1589,210 Kurrajong Dr,Wollongong,2500,Sophie Wilson Residence,2026-08-17T07:54:02.000+0000
003gK00000ybw52QAA,Sophie,Wilson,sophie.wilson713@example.com,(02) 5711 2829,210 Kurrajong Dr,Wollongong,2500,Sophie Wilson Residence,2026-08-17T07:54:02.000+0000
003gK00000ybw4nQAA,Thomas,Hughes,thomas.hughes713@example.com,(02) 5276 2364,45 Kurrajong Dr,Ryde,2112,Thomas Hughes Residence,2026-08-17T07:54:02.000+0000
003gK00000ybw65QAA,Thomas,Hughes,thomas.hughes713@example.com,(02) 7596 4844,45 Kurrajong Dr,Castle Hill,2154,Thomas Hughes Residence,2026-08-17T07:54:02.000+0000
003gK00000ybw5RQAQ,Thomas,Hughes,thomas.hughes713@example.com,(02) 6436 3604,45 Kurrajong Dr,Parramatta,2150,Thomas Hughes Residence,2026-08-17T07:54:02.000+0000
003gK00000ybw49QAA,Thomas,Hughes,thomas.hughes713@example.com,(02) 4116 1124,45 Kurrajong Dr,Castle Hill,2154,Thomas Hughes Residence,2026-08-17T07:54:02.000+0000
003gK00000ybw5bQAA,William,Kowalski,william.kowalski806@example.com,(02) 6726 3914,155 Kurrajong Dr,Maitland,2320,William Kowalski Residence,2026-08-17T07:54:02.000+0000
003gK00000ybw4JQAQ,William,Kowalski,william.kowalski806@example.com,(02) 4406 1434,155 Kurrajong Dr,Maitland,2320,William Kowalski Residence,2026-08-17T07:54:02.000+0000
003gK00000ybw6FQAQ,William,Kowalski,william.kowalski806@example.com,(02) 7886 5154,155 Kurrajong Dr,Maitland,2320,William Kowalski Residence,2026-08-17T07:54:02.000+0000
003gK00000ybw4xQAA,William,Kowalski,william.kowalski806@example.com,(02) 5566 2674,155 Kurrajong Dr,Maitland,2320,William Kowalski Residence,2026-08-17T07:54:02.000+0000
003gK00000ybw5YQAQ,Zoe,Foster,zoe.foster620@example.com,(02) 6639 3821,122 Railway Pde,Warners Bay,2282,Zoe Foster Residence,2026-08-17T07:54:02.000+0000
003gK00000ybw4GQAQ,Zoe,Foster,zoe.foster620@example.com,(02) 4319 1341,122 Railway Pde,Warners Bay,2282,Zoe Foster Residence,2026-08-17T07:54:02.000+0000
003gK00000ybw6CQAQ,Zoe,Foster,zoe.foster620@example.com,(02) 7799 5061,122 Railway Pde,Warners Bay,2282,Zoe Foster Residence,2026-08-17T07:54:02.000+0000
003gK00000ybw4uQAA,Zoe,Foster,zoe.foster620@example.com,(02) 5479 2581,122 Railway Pde,Warners Bay,2282,Zoe Foster Residence,2026-08-17T07:54:02.000+0000
