Id,FirstName,LastName,Email,Phone,Company,Status,IsConverted
00QgK00000QCR8jUAH,Aaron,Abbott,aaron.abbott0@example.com,(02) 4000 1000,Aaron Abbott (Residential),Open - Not Contacted,false
00QgK00000QCRAfUAP,Aaron,Abbott,aaron.abbott120@example.com,(02) 7480 4720,Aaron Abbott (Residential),Open - Not Contacted,false
00QgK00000QCR9tUAH,Aaron,Everett,aaron.everett72@example.com,(02) 6088 3232,Aaron Everett (Residential),Open - Not Contacted,false
00QgK00000QCRB3UAP,Aaron,Ibrahim,aaron.ibrahim144@example.com,(02) 8176 5464,Aaron Ibrahim (Residential),Open - Not Contacted,false
00QgK00000QCR97UAH,Aaron,Ibrahim,aaron.ibrahim24@example.com,(02) 4696 1744,Aaron Ibrahim (Residential),Open - Not Contacted,false
00QgK00000QCRAHUA5,Aaron,Mahoney,aaron.mahoney96@example.com,(02) 6784 3976,Aaron Mahoney (Residential),Open - Not Contacted,false
00QgK00000QCR9VUAX,Aaron,Quigley,aaron.quigley48@example.com,(02) 5392 2488,Aaron Quigley (Residential),Open - Not Contacted,false
00QgK00000QCR8wUAH,Bianca,Beckett,bianca.beckett13@example.com,(02) 4377 1403,Bianca Beckett (Residential),Open - Not Contacted,false
00QgK00000QCRAsUAP,Bianca,Beckett,bianca.beckett133@example.com,(02) 7857 5123,Bianca Beckett (Residential),Open - Not Contacted,false
00QgK00000QCRA6UAP,Bianca,Franklin,bianca.franklin85@example.com,(02) 6465 3635,Bianca Franklin (Residential),Open - Not Contacted,false
00QgK00000QCR9KUAX,Bianca,Jarvis,bianca.jarvis37@example.com,(02) 5073 2147,Bianca Jarvis (Residential),Open - Not Contacted,false
00QgK00000QCRAUUA5,Bianca,Novak,bianca.novak109@example.com,(02) 7161 4379,Bianca Novak (Residential),Open - Not Contacted,false
00QgK00000QCR9iUAH,Bianca,Rasmussen,bianca.rasmussen61@example.com,(02) 5769 2891,Bianca Rasmussen (Residential),Open - Not Contacted,false
00QgK00000QCRB5UAP,Callum,Carrington,callum.carrington146@example.com,(02) 8234 5526,Callum Carrington (Residential),Open - Not Contacted,false
00QgK00000QCR99UAH,Callum,Carrington,callum.carrington26@example.com,(02) 4754 1806,Callum Carrington (Residential),Open - Not Contacted,false
00QgK00000QCRAJUA5,Callum,Gallagher,callum.gallagher98@example.com,(02) 6842 4038,Callum Gallagher (Residential),Open - Not Contacted,false
00QgK00000QCR9XUAX,Callum,Kensington,callum.kensington50@example.com,(02) 5450 2550,Callum Kensington (Residential),Open - Not Contacted,false
00QgK00000QCRAhUAP,Callum,Ortega,callum.ortega122@example.com,(02) 7538 4782,Callum Ortega (Residential),Open - Not Contacted,false
00QgK00000QCR8lUAH,Callum,Ortega,callum.ortega2@example.com,(02) 4058 1062,Callum Ortega (Residential),Open - Not Contacted,false
00QgK00000QCR9vUAH,Callum,Sutherland,callum.sutherland74@example.com,(02) 6146 3294,Callum Sutherland (Residential),Open - Not Contacted,false
00QgK00000QCR9MUAX,Danika,Delaney,danika.delaney39@example.com,(02) 5131 2209,Danika Delaney (Residential),Open - Not Contacted,false
00QgK00000QCRAWUA5,Danika,Holloway,danika.holloway111@example.com,(02) 7219 4441,Danika Holloway (Residential),Open - Not Contacted,false
00QgK00000QCR9kUAH,Danika,Lombardi,danika.lombardi63@example.com,(02) 5827 2953,Danika Lombardi (Residential),Open - Not Contacted,false
00QgK00000QCRAuUAP,Danika,Pemberton,danika.pemberton135@example.com,(02) 7915 5185,Danika Pemberton (Residential),Open - Not Contacted,false
00QgK00000QCR8yUAH,Danika,Pemberton,danika.pemberton15@example.com,(02) 4435 1465,Danika Pemberton (Residential),Open - Not Contacted,false
00QgK00000QCRA8UAP,Danika,Tremblay,danika.tremblay87@example.com,(02) 6523 3697,Danika Tremblay (Residential),Open - Not Contacted,false
00QgK00000QCRALUA5,Elliot,Abbott,elliot.abbott100@example.com,(02) 6900 4100,Elliot Abbott (Residential),Open - Not Contacted,false
00QgK00000QCR9ZUAX,Elliot,Everett,elliot.everett52@example.com,(02) 5508 2612,Elliot Everett (Residential),Open - Not Contacted,false
00QgK00000QCRAjUAP,Elliot,Ibrahim,elliot.ibrahim124@example.com,(02) 7596 4844,Elliot Ibrahim (Residential),Open - Not Contacted,false
00QgK00000QCR8nUAH,Elliot,Ibrahim,elliot.ibrahim4@example.com,(02) 4116 1124,Elliot Ibrahim (Residential),Open - Not Contacted,false
00QgK00000QCR9xUAH,Elliot,Mahoney,elliot.mahoney76@example.com,(02) 6204 3356,Elliot Mahoney (Residential),Open - Not Contacted,false
00QgK00000QCRB7UAP,Elliot,Quigley,elliot.quigley148@example.com,(02) 8292 5588,Elliot Quigley (Residential),Open - Not Contacted,false
00QgK00000QCR9BUAX,Elliot,Quigley,elliot.quigley28@example.com,(02) 4812 1868,Elliot Quigley (Residential),Open - Not Contacted,false
00QgK00000QCRAYUA5,Freya,Beckett,freya.beckett113@example.com,(02) 7277 4503,Freya Beckett (Residential),Open - Not Contacted,false
00QgK00000QCR9mUAH,Freya,Franklin,freya.franklin65@example.com,(02) 5885 3015,Freya Franklin (Residential),Open - Not Contacted,false
00QgK00000QCRAwUAP,Freya,Jarvis,freya.jarvis137@example.com,(02) 7973 5247,Freya Jarvis (Residential),Open - Not Contacted,false
00QgK00000QCR90UAH,Freya,Jarvis,freya.jarvis17@example.com,(02) 4493 1527,Freya Jarvis (Residential),Open - Not Contacted,false
00QgK00000QCRAAUA5,Freya,Novak,freya.novak89@example.com,(02) 6581 3759,Freya Novak (Residential),Open - Not Contacted,false
00QgK00000QCR9OUAX,Freya,Rasmussen,freya.rasmussen41@example.com,(02) 5189 2271,Freya Rasmussen (Residential),Open - Not Contacted,false
00QgK00000QCRAlUAP,Gareth,Carrington,gareth.carrington126@example.com,(02) 7654 4906,Gareth Carrington (Residential),Open - Not Contacted,false
00QgK00000QCR8pUAH,Gareth,Carrington,gareth.carrington6@example.com,(02) 4174 1186,Gareth Carrington (Residential),Open - Not Contacted,false
00QgK00000QCR9zUAH,Gareth,Gallagher,gareth.gallagher78@example.com,(02) 6262 3418,Gareth Gallagher (Residential),Open - Not Contacted,false
00QgK00000QCR9DUAX,Gareth,Kensington,gareth.kensington30@example.com,(02) 4870 1930,Gareth Kensington (Residential),Open - Not Contacted,false
00QgK00000QCRANUA5,Gareth,Ortega,gareth.ortega102@example.com,(02) 6958 4162,Gareth Ortega (Residential),Open - Not Contacted,false
00QgK00000QCR9bUAH,Gareth,Sutherland,gareth.sutherland54@example.com,(02) 5566 2674,Gareth Sutherland (Residential),Open - Not Contacted,false
00QgK00000QCRAyUAP,Heidi,Delaney,heidi.delaney139@example.com,(02) 8031 5309,Heidi Delaney (Residential),Open - Not Contacted,false
00QgK00000QCR92UAH,Heidi,Delaney,heidi.delaney19@example.com,(02) 4551 1589,Heidi Delaney (Residential),Open - Not Contacted,false
00QgK00000QCRACUA5,Heidi,Holloway,heidi.holloway91@example.com,(02) 6639 3821,Heidi Holloway (Residential),Open - Not Contacted,false
00QgK00000QCR9QUAX,Heidi,Lombardi,heidi.lombardi43@example.com,(02) 5247 2333,Heidi Lombardi (Residential),Open - Not Contacted,false
00QgK00000QCRAaUAP,Heidi,Pemberton,heidi.pemberton115@example.com,(02) 7335 4565,Heidi Pemberton (Residential),Open - Not Contacted,false
00QgK00000QCR9oUAH,Heidi,Tremblay,heidi.tremblay67@example.com,(02) 5943 3077,Heidi Tremblay (Residential),Open - Not Contacted,false
00QgK00000QCRA1UAP,Isaac,Abbott,isaac.abbott80@example.com,(02) 6320 3480,Isaac Abbott (Residential),Open - Not Contacted,false
00QgK00000QCR9FUAX,Isaac,Everett,isaac.everett32@example.com,(02) 4928 1992,Isaac Everett (Residential),Open - Not Contacted,false
00QgK00000QCRAPUA5,Isaac,Ibrahim,isaac.ibrahim104@example.com,(02) 7016 4224,Isaac Ibrahim (Residential),Open - Not Contacted,false
00QgK00000QCR9dUAH,Isaac,Mahoney,isaac.mahoney56@example.com,(02) 5624 2736,Isaac Mahoney (Residential),Open - Not Contacted,false
00QgK00000QCRAnUAP,Isaac,Quigley,isaac.quigley128@example.com,(02) 7712 4968,Isaac Quigley (Residential),Open - Not Contacted,false
00QgK00000QCR8rUAH,Isaac,Quigley,isaac.quigley8@example.com,(02) 4232 1248,Isaac Quigley (Residential),Open - Not Contacted,false
00QgK00000QCRAEUA5,Jorja,Beckett,jorja.beckett93@example.com,(02) 6697 3883,Jorja Beckett (Residential),Open - Not Contacted,false
00QgK00000QCR9SUAX,Jorja,Franklin,jorja.franklin45@example.com,(02) 5305 2395,Jorja Franklin (Residential),Open - Not Contacted,false
00QgK00000QCRAcUAP,Jorja,Jarvis,jorja.jarvis117@example.com,(02) 7393 4627,Jorja Jarvis (Residential),Open - Not Contacted,false
00QgK00000QCR9qUAH,Jorja,Novak,jorja.novak69@example.com,(02) 6001 3139,Jorja Novak (Residential),Open - Not Contacted,false
00QgK00000QCRB0UAP,Jorja,Rasmussen,jorja.rasmussen141@example.com,(02) 8089 5371,Jorja Rasmussen (Residential),Open - Not Contacted,false
00QgK00000QCR94UAH,Jorja,Rasmussen,jorja.rasmussen21@example.com,(02) 4609 1651,Jorja Rasmussen (Residential),Open - Not Contacted,false
00QgK00000QCRARUA5,Kieran,Carrington,kieran.carrington106@example.com,(02) 7074 4286,Kieran Carrington (Residential),Open - Not Contacted,false
00QgK00000QCR9fUAH,Kieran,Gallagher,kieran.gallagher58@example.com,(02) 5682 2798,Kieran Gallagher (Residential),Open - Not Contacted,false
00QgK00000QCR8tUAH,Kieran,Kensington,kieran.kensington10@example.com,(02) 4290 1310,Kieran Kensington (Residential),Open - Not Contacted,false
00QgK00000QCRApUAP,Kieran,Kensington,kieran.kensington130@example.com,(02) 7770 5030,Kieran Kensington (Residential),Open - Not Contacted,false
00QgK00000QCRA3UAP,Kieran,Ortega,kieran.ortega82@example.com,(02) 6378 3542,Kieran Ortega (Residential),Open - Not Contacted,false
00QgK00000QCR9HUAX,Kieran,Sutherland,kieran.sutherland34@example.com,(02) 4986 2054,Kieran Sutherland (Residential),Open - Not Contacted,false
00QgK00000QCRAeUAP,Leila,Delaney,leila.delaney119@example.com,(02) 7451 4689,Leila Delaney (Residential),Open - Not Contacted,false
00QgK00000QCR9sUAH,Leila,Holloway,leila.holloway71@example.com,(02) 6059 3201,Leila Holloway (Residential),Open - Not Contacted,false
00QgK00000QCRB2UAP,Leila,Lombardi,leila.lombardi143@example.com,(02) 8147 5433,Leila Lombardi (Residential),Open - Not Contacted,false
00QgK00000QCR96UAH,Leila,Lombardi,leila.lombardi23@example.com,(02) 4667 1713,Leila Lombardi (Residential),Open - Not Contacted,false
00QgK00000QCRAGUA5,Leila,Pemberton,leila.pemberton95@example.com,(02) 6755 3945,Leila Pemberton (Residential),Open - Not Contacted,false
00QgK00000QCR9UUAX,Leila,Tremblay,leila.tremblay47@example.com,(02) 5363 2457,Leila Tremblay (Residential),Open - Not Contacted,false
00QgK00000QCR9hUAH,Marcus,Abbott,marcus.abbott60@example.com,(02) 5740 2860,Marcus Abbott (Residential),Open - Not Contacted,false
00QgK00000QCR8vUAH,Marcus,Everett,marcus.everett12@example.com,(02) 4348 1372,Marcus Everett (Residential),Open - Not Contacted,false
00QgK00000QCRArUAP,Marcus,Everett,marcus.everett132@example.com,(02) 7828 5092,Marcus Everett (Residential),Open - Not Contacted,false
00QgK00000QCRA5UAP,Marcus,Ibrahim,marcus.ibrahim84@example.com,(02) 6436 3604,Marcus Ibrahim (Residential),Open - Not Contacted,false
00QgK00000QCR9JUAX,Marcus,Mahoney,marcus.mahoney36@example.com,(02) 5044 2116,Marcus Mahoney (Residential),Open - Not Contacted,false
00QgK00000QCRATUA5,Marcus,Quigley,marcus.quigley108@example.com,(02) 7132 4348,Marcus Quigley (Residential),Open - Not Contacted,false
00QgK00000QCR9uUAH,Nadia,Beckett,nadia.beckett73@example.com,(02) 6117 3263,Nadia Beckett (Residential),Open - Not Contacted,false
00QgK00000QCRB4UAP,Nadia,Franklin,nadia.franklin145@example.com,(02) 8205 5495,Nadia Franklin (Residential),Open - Not Contacted,false
00QgK00000QCR98UAH,Nadia,Franklin,nadia.franklin25@example.com,(02) 4725 1775,Nadia Franklin (Residential),Open - Not Contacted,false
00QgK00000QCRAIUA5,Nadia,Jarvis,nadia.jarvis97@example.com,(02) 6813 4007,Nadia Jarvis (Residential),Open - Not Contacted,false
00QgK00000QCR9WUAX,Nadia,Novak,nadia.novak49@example.com,(02) 5421 2519,Nadia Novak (Residential),Open - Not Contacted,false
00QgK00000QCR8kUAH,Nadia,Rasmussen,nadia.rasmussen1@example.com,(02) 4029 1031,Nadia Rasmussen (Residential),Open - Not Contacted,false
00QgK00000QCRAgUAP,Nadia,Rasmussen,nadia.rasmussen121@example.com,(02) 7509 4751,Nadia Rasmussen (Residential),Open - Not Contacted,false
00QgK00000QCRA7UAP,Owen,Carrington,owen.carrington86@example.com,(02) 6494 3666,Owen Carrington (Residential),Open - Not Contacted,false
00QgK00000QCR9LUAX,Owen,Gallagher,owen.gallagher38@example.com,(02) 5102 2178,Owen Gallagher (Residential),Open - Not Contacted,false
00QgK00000QCRAVUA5,Owen,Kensington,owen.kensington110@example.com,(02) 7190 4410,Owen Kensington (Residential),Open - Not Contacted,false
00QgK00000QCR9jUAH,Owen,Ortega,owen.ortega62@example.com,(02) 5798 2922,Owen Ortega (Residential),Open - Not Contacted,false
00QgK00000QCRAtUAP,Owen,Sutherland,owen.sutherland134@example.com,(02) 7886 5154,Owen Sutherland (Residential),Open - Not Contacted,false
00QgK00000QCR8xUAH,Owen,Sutherland,owen.sutherland14@example.com,(02) 4406 1434,Owen Sutherland (Residential),Open - Not Contacted,false
00QgK00000QCRAKUA5,Priya,Delaney,priya.delaney99@example.com,(02) 6871 4069,Priya Delaney (Residential),Open - Not Contacted,false
00QgK00000QCR9YUAX,Priya,Holloway,priya.holloway51@example.com,(02) 5479 2581,Priya Holloway (Residential),Open - Not Contacted,false
00QgK00000QCRAiUAP,Priya,Lombardi,priya.lombardi123@example.com,(02) 7567 4813,Priya Lombardi (Residential),Open - Not Contacted,false
00QgK00000QCR8mUAH,Priya,Lombardi,priya.lombardi3@example.com,(02) 4087 1093,Priya Lombardi (Residential),Open - Not Contacted,false
00QgK00000QCR9wUAH,Priya,Pemberton,priya.pemberton75@example.com,(02) 6175 3325,Priya Pemberton (Residential),Open - Not Contacted,false
00QgK00000QCRB6UAP,Priya,Tremblay,priya.tremblay147@example.com,(02) 8263 5557,Priya Tremblay (Residential),Open - Not Contacted,false
00QgK00000QCR9AUAX,Priya,Tremblay,priya.tremblay27@example.com,(02) 4783 1837,Priya Tremblay (Residential),Open - Not Contacted,false
00QgK00000QCR9NUAX,Quentin,Abbott,quentin.abbott40@example.com,(02) 5160 2240,Quentin Abbott (Residential),Open - Not Contacted,false
00QgK00000QCRAXUA5,Quentin,Everett,quentin.everett112@example.com,(02) 7248 4472,Quentin Everett (Residential),Open - Not Contacted,false
00QgK00000QCR9lUAH,Quentin,Ibrahim,quentin.ibrahim64@example.com,(02) 5856 2984,Quentin Ibrahim (Residential),Open - Not Contacted,false
00QgK00000QCRAvUAP,Quentin,Mahoney,quentin.mahoney136@example.com,(02) 7944 5216,Quentin Mahoney (Residential),Open - Not Contacted,false
00QgK00000QCR8zUAH,Quentin,Mahoney,quentin.mahoney16@example.com,(02) 4464 1496,Quentin Mahoney (Residential),Open - Not Contacted,false
00QgK00000QCRA9UAP,Quentin,Quigley,quentin.quigley88@example.com,(02) 6552 3728,Quentin Quigley (Residential),Open - Not Contacted,false
00QgK00000QCR9aUAH,Rosa,Beckett,rosa.beckett53@example.com,(02) 5537 2643,Rosa Beckett (Residential),Open - Not Contacted,false
00QgK00000QCRAkUAP,Rosa,Franklin,rosa.franklin125@example.com,(02) 7625 4875,Rosa Franklin (Residential),Open - Not Contacted,false
00QgK00000QCR8oUAH,Rosa,Franklin,rosa.franklin5@example.com,(02) 4145 1155,Rosa Franklin (Residential),Open - Not Contacted,false
00QgK00000QCR9yUAH,Rosa,Jarvis,rosa.jarvis77@example.com,(02) 6233 3387,Rosa Jarvis (Residential),Open - Not Contacted,false
00QgK00000QCRB8UAP,Rosa,Novak,rosa.novak149@example.com,(02) 8321 5619,Rosa Novak (Residential),Open - Not Contacted,false
00QgK00000QCR9CUAX,Rosa,Novak,rosa.novak29@example.com,(02) 4841 1899,Rosa Novak (Residential),Open - Not Contacted,false
00QgK00000QCRAMUA5,Rosa,Rasmussen,rosa.rasmussen101@example.com,(02) 6929 4131,Rosa Rasmussen (Residential),Open - Not Contacted,false
00QgK00000QCR9nUAH,Simon,Carrington,simon.carrington66@example.com,(02) 5914 3046,Simon Carrington (Residential),Open - Not Contacted,false
00QgK00000QCRAxUAP,Simon,Gallagher,simon.gallagher138@example.com,(02) 8002 5278,Simon Gallagher (Residential),Open - Not Contacted,false
00QgK00000QCR91UAH,Simon,Gallagher,simon.gallagher18@example.com,(02) 4522 1558,Simon Gallagher (Residential),Open - Not Contacted,false
00QgK00000QCRABUA5,Simon,Kensington,simon.kensington90@example.com,(02) 6610 3790,Simon Kensington (Residential),Open - Not Contacted,false
00QgK00000QCR9PUAX,Simon,Ortega,simon.ortega42@example.com,(02) 5218 2302,Simon Ortega (Residential),Open - Not Contacted,false
00QgK00000QCRAZUA5,Simon,Sutherland,simon.sutherland114@example.com,(02) 7306 4534,Simon Sutherland (Residential),Open - Not Contacted,false
00QgK00000QCRA0UAP,Tanya,Delaney,tanya.delaney79@example.com,(02) 6291 3449,Tanya Delaney (Residential),Open - Not Contacted,false
00QgK00000QCR9EUAX,Tanya,Holloway,tanya.holloway31@example.com,(02) 4899 1961,Tanya Holloway (Residential),Open - Not Contacted,false
00QgK00000QCRAOUA5,Tanya,Lombardi,tanya.lombardi103@example.com,(02) 6987 4193,Tanya Lombardi (Residential),Open - Not Contacted,false
00QgK00000QCR9cUAH,Tanya,Pemberton,tanya.pemberton55@example.com,(02) 5595 2705,Tanya Pemberton (Residential),Open - Not Contacted,false
00QgK00000QCRAmUAP,Tanya,Tremblay,tanya.tremblay127@example.com,(02) 7683 4937,Tanya Tremblay (Residential),Open - Not Contacted,false
00QgK00000QCR8qUAH,Tanya,Tremblay,tanya.tremblay7@example.com,(02) 4203 1217,Tanya Tremblay (Residential),Open - Not Contacted,false
00QgK00000QCRAzUAP,Umar,Abbott,umar.abbott140@example.com,(02) 8060 5340,Umar Abbott (Residential),Open - Not Contacted,false
00QgK00000QCR93UAH,Umar,Abbott,umar.abbott20@example.com,(02) 4580 1620,Umar Abbott (Residential),Open - Not Contacted,false
00QgK00000QCRADUA5,Umar,Everett,umar.everett92@example.com,(02) 6668 3852,Umar Everett (Residential),Open - Not Contacted,false
00QgK00000QCR9RUAX,Umar,Ibrahim,umar.ibrahim44@example.com,(02) 5276 2364,Umar Ibrahim (Residential),Open - Not Contacted,false
00QgK00000QCRAbUAP,Umar,Mahoney,umar.mahoney116@example.com,(02) 7364 4596,Umar Mahoney (Residential),Open - Not Contacted,false
00QgK00000QCR9pUAH,Umar,Quigley,umar.quigley68@example.com,(02) 5972 3108,Umar Quigley (Residential),Open - Not Contacted,false
00QgK00000QCR9GUAX,Vanessa,Beckett,vanessa.beckett33@example.com,(02) 4957 2023,Vanessa Beckett (Residential),Open - Not Contacted,false
00QgK00000QCRAQUA5,Vanessa,Franklin,vanessa.franklin105@example.com,(02) 7045 4255,Vanessa Franklin (Residential),Open - Not Contacted,false
00QgK00000QCR9eUAH,Vanessa,Jarvis,vanessa.jarvis57@example.com,(02) 5653 2767,Vanessa Jarvis (Residential),Open - Not Contacted,false
00QgK00000QCRAoUAP,Vanessa,Novak,vanessa.novak129@example.com,(02) 7741 4999,Vanessa Novak (Residential),Open - Not Contacted,false
00QgK00000QCR8sUAH,Vanessa,Novak,vanessa.novak9@example.com,(02) 4261 1279,Vanessa Novak (Residential),Open - Not Contacted,false
00QgK00000QCRA2UAP,Vanessa,Rasmussen,vanessa.rasmussen81@example.com,(02) 6349 3511,Vanessa Rasmussen (Residential),Open - Not Contacted,false
00QgK00000QCR9TUAX,Wesley,Carrington,wesley.carrington46@example.com,(02) 5334 2426,Wesley Carrington (Residential),Open - Not Contacted,false
00QgK00000QCRAdUAP,Wesley,Gallagher,wesley.gallagher118@example.com,(02) 7422 4658,Wesley Gallagher (Residential),Open - Not Contacted,false
00QgK00000QCR9rUAH,Wesley,Kensington,wesley.kensington70@example.com,(02) 6030 3170,Wesley Kensington (Residential),Open - Not Contacted,false
00QgK00000QCRB1UAP,Wesley,Ortega,wesley.ortega142@example.com,(02) 8118 5402,Wesley Ortega (Residential),Open - Not Contacted,false
00QgK00000QCR95UAH,Wesley,Ortega,wesley.ortega22@example.com,(02) 4638 1682,Wesley Ortega (Residential),Open - Not Contacted,false
00QgK00000QCRAFUA5,Wesley,Sutherland,wesley.sutherland94@example.com,(02) 6726 3914,Wesley Sutherland (Residential),Open - Not Contacted,false
00QgK00000QCR9gUAH,Xanthe,Delaney,xanthe.delaney59@example.com,(02) 5711 2829,Xanthe Delaney (Residential),Open - Not Contacted,false
00QgK00000QCR8uUAH,Xanthe,Holloway,xanthe.holloway11@example.com,(02) 4319 1341,Xanthe Holloway (Residential),Open - Not Contacted,false
00QgK00000QCRAqUAP,Xanthe,Holloway,xanthe.holloway131@example.com,(02) 7799 5061,Xanthe Holloway (Residential),Open - Not Contacted,false
00QgK00000QCRA4UAP,Xanthe,Lombardi,xanthe.lombardi83@example.com,(02) 6407 3573,Xanthe Lombardi (Residential),Open - Not Contacted,false
00QgK00000QCR9IUAX,Xanthe,Pemberton,xanthe.pemberton35@example.com,(02) 5015 2085,Xanthe Pemberton (Residential),Open - Not Contacted,false
00QgK00000QCRASUA5,Xanthe,Tremblay,xanthe.tremblay107@example.com,(02) 7103 4317,Xanthe Tremblay (Residential),Open - Not Contacted,false
