Id,DuplicateRecordSetId,RecordId,CreatedDate
0GLgK000000RJWQWA4,0GKgK000000Jd2TWAS,001gK00001Luv48QAB,2026-08-17T07:54:07.000+0000
0GLgK000000RJWoWAO,0GKgK000000Jd2XWAS,001gK00001Luv4MQAR,2026-08-17T07:54:09.000+0000
0GLgK000000RJWsWAO,0GKgK000000Jd2YWAS,001gK00001Luv4GQAR,2026-08-17T07:54:11.000+0000
0GLgK000000RJWwWAO,0GKgK000000Jd2ZWAS,001gK00001Luv8bQAB,2026-08-17T07:54:12.000+0000
0GLgK000000RJWxWAO,0GKgK000000Jd2aWAC,001gK00001Luv8XQAR,2026-08-17T07:54:12.000+0000
0GLgK000000RJY2WAO,0GKgK000000Jd45WAC,001gK00001Luv4LQAR,2026-08-17T07:54:07.000+0000
0GLgK000000RJY7WAO,0GKgK000000Jd46WAC,001gK00001Luv3zQAB,2026-08-17T07:54:07.000+0000
0GLgK000000RJYEWA4,0GKgK000000Jd47WAC,001gK00001Luv5iQAB,2026-08-17T07:54:08.000+0000
0GLgK000000RJYFWA4,0GKgK000000Jd48WAC,001gK00001Luv4OQAR,2026-08-17T07:54:08.000+0000
0GLgK000000RJYTWA4,0GKgK000000Jd4CWAS,001gK00001Luv6nQAB,2026-08-17T07:54:12.000+0000
0GLgK000000RJYXWA4,0GKgK000000Jd4DWAS,001gK00001Luv4wQAB,2026-08-17T07:54:12.000+0000
0GLgK000000RJZfWAO,0GKgK000000Jd5hWAC,001gK00001Luv4rQAB,2026-08-17T07:54:07.000+0000
0GLgK000000RJZkWAO,0GKgK000000Jd5iWAC,001gK00001Luv6TQAR,2026-08-17T07:54:07.000+0000
0GLgK000000RJZsWAO,0GKgK000000Jd5kWAC,001gK00001Luv4CQAR,2026-08-17T07:54:10.000+0000
0GLgK000000RJa2WAG,0GKgK000000Jd5nWAC,001gK00001Luv43QAB,2026-08-17T07:54:14.000+0000
0GLgK000000RJbGWAW,0GKgK000000Jd7JWAS,001gK00001Luv40QAB,2026-08-17T07:54:07.000+0000
0GLgK000000RJbNWAW,0GKgK000000Jd7KWAS,001gK00001Luv4iQAB,2026-08-17T07:54:08.000+0000
0GLgK000000RJbVWAW,0GKgK000000Jd7LWAS,001gK00001Luv5JQAR,2026-08-17T07:54:08.000+0000
0GLgK000000RJbeWAG,0GKgK000000Jd7MWAS,001gK00001Luv6WQAR,2026-08-17T07:54:09.000+0000
0GLgK000000RJbmWAG,0GKgK000000Jd7NWAS,001gK00001Luv4HQAR,2026-08-17T07:54:10.000+0000
0GLgK000000RJcsWAG,0GKgK000000Jd8vWAC,001gK00001Luv4SQAR,2026-08-17T07:54:07.000+0000
0GLgK000000RJcyWAG,0GKgK000000Jd8wWAC,001gK00001Luv4BQAR,2026-08-17T07:54:08.000+0000
0GLgK000000RJd1WAG,0GKgK000000Jd8yWAC,001gK00001Luv6SQAR,2026-08-17T07:54:09.000+0000
0GLgK000000RJdCWAW,0GKgK000000Jd90WAC,001gK00001Luv4PQAR,2026-08-17T07:54:11.000+0000
0GLgK000000RJdIWAW,0GKgK000000Jd91WAC,001gK00001Luv6rQAB,2026-08-17T07:54:13.000+0000
0GLgK000000RJdLWAW,0GKgK000000Jd92WAC,001gK00001Luv49QAB,2026-08-17T07:54:13.000+0000
0GLgK000000RJdRWAW,0GKgK000000Jd94WAC,001gK00001Luv4cQAB,2026-08-17T07:54:14.000+0000
0GLgK000000RJdVWAW,0GKgK000000Jd96WAC,001gK00001Luv57QAB,2026-08-17T07:54:16.000+0000
0GLgK000000RJeTWAW,0GKgK000000JdAXWA0,001gK00001Luv45QAB,2026-08-17T07:54:08.000+0000
0GLgK000000RJefWAG,0GKgK000000JdAZWA0,001gK00001Luv55QAB,2026-08-17T07:54:09.000+0000
0GLgK000000RJehWAG,0GKgK000000JdAaWAK,001gK00001Luv4KQAR,2026-08-17T07:54:09.000+0000
0GLgK000000RJeoWAG,0GKgK000000JdAbWAK,001gK00001Luv3uQAB,2026-08-17T07:54:10.000+0000
0GLgK000000RJf3WAG,0GKgK000000JdAiWAK,001gK00001Luv3vQAB,2026-08-17T07:54:16.000+0000
0GLgK000000RJf4WAG,0GKgK000000JdAjWAK,001gK00001Luv5fQAB,2026-08-17T07:54:16.000+0000
0GLgK000000RJg9WAG,0GKgK000000JdCAWA0,001gK00001Luv4sQAB,2026-08-17T07:54:09.000+0000
0GLgK000000RJgCWAW,0GKgK000000JdCBWA0,001gK00001Luv3wQAB,2026-08-17T07:54:09.000+0000
0GLgK000000RJgGWAW,0GKgK000000JdCCWA0,001gK00001Luv6XQAR,2026-08-17T07:54:10.000+0000
0GLgK000000RJgNWAW,0GKgK000000JdCEWA0,001gK00001Luv47QAB,2026-08-17T07:54:11.000+0000
0GLgK000000RJgUWAW,0GKgK000000JdCGWA0,001gK00001Luv3xQAB,2026-08-17T07:54:13.000+0000
0GLgK000000RJgYWAW,0GKgK000000JdCHWA0,001gK00001Luv3tQAB,2026-08-17T07:54:14.000+0000
0GLgK000000RJhhWAG,0GKgK000000JdDlWAK,001gK00001Luv4FQAR,2026-08-17T07:54:09.000+0000
0GLgK000000RJhlWAG,0GKgK000000JdDnWAK,001gK00001Luv6aQAB,2026-08-17T07:54:10.000+0000
0GLgK000000RJhpWAG,0GKgK000000JdDoWAK,001gK00001Luv4WQAR,2026-08-17T07:54:11.000+0000
0GLgK000000RJhsWAG,0GKgK000000JdDpWAK,001gK00001Luv4UQAR,2026-08-17T07:54:17.000+0000
